id,year,provider,code,service,number,amount
1,2022,"Harvey Seybold, DDS",00001,NO SHOW APPT ae ites,1,50
2,2022,"Harvey Seybold, DDS",00120,—— Periodic Oral Exam ig Se eptacesneiretea,873,44472
3,2022,"Harvey Seybold, DDS",00140,~—_Limited Oral Evaluation/Emer - a,47,4116
4,2022,"Harvey Seybold, DDS",00150,Comprehensive Oral Exa,49,4995
5,2022,"Harvey Seybold, DDS",00170,Re evaluation ie,15,0
6,2022,"Harvey Seybold, DDS",00191,Exam- assessment of a patient mae :,4,0
7,2022,"Harvey Seybold, DDS",00210,"Intra Complete Series ,",3,420
8,2022,"Harvey Seybold, DDS",00220,Intra Periapical-sing,155,4337.75
9,2022,"Harvey Seybold, DDS",00230,Intra Periapical-addtl,18,411.25
10,2022,"Harvey Seybold, DDS",00273,Bitewings 3 ve,2,120
11,2022,"Harvey Seybold, DDS",00330,Panoramic 23,4,384
12,2022,"Harvey Seybold, DDS",00431,Vizilite-oral cancer testing,1,57
13,2022,"Harvey Seybold, DDS",0120C,Periodic Oral Exam-Child,57,2674
14,2022,"Harvey Seybold, DDS",0140C,Limited Oral Evaluation/Emer-Child mea,2,0
15,2022,"Harvey Seybold, DDS",0140N,Limited/EM exam- no charge,189,0
16,2022,"Harvey Seybold, DDS",0150C,-:; Comprehensive Oral Exam-Child .,9,716
17,2022,"Harvey Seybold, DDS",02330,Resin-one surf anterior,62,8800
18,2022,"Harvey Seybold, DDS",02331,Resin-two surf anterior,91,19067
19,2022,"Harvey Seybold, DDS",02332,Resin-three surf anterior Bee i seed Lect,30,7219
20,2022,"Harvey Seybold, DDS",02301,"Resin-based composite - 1 surf posterior ,",123,23749
21,2022,"Harvey Seybold, DDS",02392,Resin based comp - 2 surf posterior,106,26980
22,2022,"Harvey Seybold, DDS",02393,Resin based comp - 3 surf posterior : ;,32,10282
23,2022,"Harvey Seybold, DDS",02394,"Resin-based comp -4 + surf,posterior",5,1876
24,2022,"Harvey Seybold, DDS",02630,— Inlay porcelain/ceramic 3+ surfaces,1,1032
25,2022,"Harvey Seybold, DDS",0270N,Bitewing 1 no charge,5,0
26,2022,"Harvey Seybold, DDS",02740,Crown-Porcelain,70,90933
27,2022,"Harvey Seybold, DDS",02750,Crown-Porcelain w/Noble Metal ws,1,1416
28,2022,"Harvey Seybold, DDS",02799,Temp Crown ( Provisional) ar,7,0
29,2022,"Harvey Seybold, DDS",02910,Recement Inlay/onlay/veneer,3,139
30,2022,"Harvey Seybold, DDS",02920,Recement Crown,19,1442
31,2022,"Harvey Seybold, DDS",02921,Recement Crown-temp,2,0
32,2022,"Harvey Seybold, DDS",02940,© sedative filling,4,460
33,2022,"Harvey Seybold, DDS",02950,"«::, Core Build-up",17,5055
34,2022,"Harvey Seybold, DDS",02954,Prefab Post & Core,1,423
35,2022,"Harvey Seybold, DDS",02980,Crown repair,1,0
36,2022,"Harvey Seybold, DDS",05110,Denture-complete upper,1,0
37,2022,"Harvey Seybold, DDS",05120,Denture-complete lower,1,0
38,2022,"Harvey Seybold, DDS",05130,Denture-immediate upr,1,2161
39,2022,"Harvey Seybold, DDS",05213,Partial metal w/ acrylic Upper,1,2178
40,2022,"Harvey Seybold, DDS",05214,Partial metal w/ acrylic Lower,3,6418
41,2022,"Harvey Seybold, DDS",05410,Adj compl upper dentur,4,196
42,2022,"Harvey Seybold, DDS",05411,Adj compl lower dentur,1,95
43,2022,"Harvey Seybold, DDS",05422,Adj part dent-lower :,1,93
44,2022,"Harvey Seybold, DDS",05511,Repair broken complete /F base,3,0
45,2022,"Harvey Seybold, DDS",05512,Repair broken complete F/ base,2,121
46,2022,"Harvey Seybold, DDS",05520,Replace/repair broken tooth on denture,2,110
47,2022,"Harvey Seybold, DDS",05640,Repl/repair Brkn Tth on Partial,1,0
48,2022,"Harvey Seybold, DDS",05650,Add Tooth to Denture/Partial,2,554
49,2022,"Harvey Seybold, DDS",05730,Reline Upper Denture-chairside,5,381
50,2022,"Harvey Seybold, DDS",05740,Reline upper partial denture-chairside,2,0
51,2022,"Harvey Seybold, DDS",05741,Reline lower partial denture-chairside,3,0
52,2022,"Harvey Seybold, DDS",05750,Reline Upper Denture-lab,2,971
53,2022,"Harvey Seybold, DDS",05820,treatment partial upper,9,1291.5
54,2022,"Harvey Seybold, DDS",05821,| treatment partial lower,1,0
55,2022,"Harvey Seybold, DDS",05899,Repair -Misc Removable Pros,2,0
56,2022,"Harvey Seybold, DDS",06057,Implant abutment custom fabricated :,15,9884
57,2022,"Harvey Seybold, DDS",06058,Implant crown- Porcelain,15,22945
58,2022,"Harvey Seybold, DDS",06080,Implant Maint-remove and clean pros.,5,360
59,2022,"Harvey Seybold, DDS",06199,"Unspecified implant procedure, by report",2,330
60,2022,"Harvey Seybold, DDS",06242,Pontic- PBM,1,1416
61,2022,"Harvey Seybold, DDS",06245,Pontic- porcelain/ceramic,3,4290
62,2022,"Harvey Seybold, DDS",06740,Abutment- porcelain/ceramic,6,8580
63,2022,"Harvey Seybold, DDS",06752,Abutment- Porc Fusd to Nob .,2,2832
64,2022,"Harvey Seybold, DDS",06930,recement brdg,15,967
65,2022,"Harvey Seybold, DDS",07140,".. Extraction,erupted tooth or exposed root",3,662
66,2022,"Harvey Seybold, DDS",07210,Extraction-Surgical,1,343
67,2022,"Harvey Seybold, DDS",07251,Extraction-Coronectomy,1,0
68,2022,"Harvey Seybold, DDS",07465,Laser-destruction of lesion,2,36
69,2022,"Harvey Seybold, DDS",07880,TMD- Occ Orthotic,1,458
70,2022,"Harvey Seybold, DDS",07999,Oral surgery unspecified,1,0
71,2022,"Harvey Seybold, DDS",08040,Ortho-Limited Ortho Trmt-Adult,1,1800
72,2022,"Harvey Seybold, DDS",08090,Ortho-Comprehensive Ortho Trmt-Adult,2,10800
73,2022,"Harvey Seybold, DDS",08680,"Ortho Retainer, removal or placement of",18,1510
74,2022,"Harvey Seybold, DDS",08696,Ortho repair ortho appliance Max,7,0
75,2022,"Harvey Seybold, DDS",08698,Ortho recem/rebon fix retain max,2,0
76,2022,"Harvey Seybold, DDS",08699,Ortho recem/rebon fix retain mand,1,0
77,2022,"Harvey Seybold, DDS",08702,Ortho repair/reatttac fixed retainer man,4,188
78,2022,"Harvey Seybold, DDS",09120,Section bridge,1,0
79,2022,"Harvey Seybold, DDS",09130,TMJ physical therapy,1,0
80,2022,"Harvey Seybold, DDS",09210,Oraqix- local anesthesia w/out sx,3,36
81,2022,"Harvey Seybold, DDS",09310,Consult,10,93
82,2022,"Harvey Seybold, DDS",09440,Office Visit After-hrs,2,0
83,2022,"Harvey Seybold, DDS",09911,Desens. Resin per tooth,4,254
84,2022,"Harvey Seybold, DDS",09940,"Occl Grd, by report",1,673
85,2022,"Harvey Seybold, DDS",09941,Athletic guard,1,140
86,2022,"Harvey Seybold, DDS",09944,"Occl guard- hard, full arch",25,14469
87,2022,"Harvey Seybold, DDS",09945,"Occl guard- soft, full arch",1,653
88,2022,"Harvey Seybold, DDS",09947,Sleep apnea appliance fabrication & del.,8,2815
89,2022,"Harvey Seybold, DDS",09948,Sleep apnea appliance adjustment,1,0
90,2022,"Harvey Seybold, DDS",09972,Whitening- in office ext per arch,24,3900
91,2022,"Harvey Seybold, DDS",09975,"Whitening- at home, external per arch",16,0
92,2022,"Harvey Seybold, DDS",09990,Misc. Service,1,22.45
93,2022,"Harvey Seybold, DDS",OADJB,Adjust Bridge,1,0
94,2022,"Harvey Seybold, DDS",OADJN,Adjust Nightguard,56,0
95,2022,"Harvey Seybold, DDS",OIMP2,Impression - For Crown,5,0
96,2022,"Harvey Seybold, DDS",OIMPB,Impression for Bridge,1,0
97,2022,"Harvey Seybold, DDS",OIMPI,Impression for Inlay or Onlay,1,0
98,2022,"Harvey Seybold, DDS",OIMPN,Impression for Night G,3,0
99,2022,"Harvey Seybold, DDS",OIMPO,ortho- models imp.,5,0
100,2022,"Harvey Seybold, DDS",OPTRY,Try in of partial framework,2,0
101,2022,"Harvey Seybold, DDS",OTRYB,Try in of denture,8,0
102,2022,"Harvey Seybold, DDS",2391C,Resin based comp-1 surf post-Primary,4,348
103,2022,"Harvey Seybold, DDS",2392C,Resin based comp-2 surf post-Primary,14,1866
104,2022,"Harvey Seybold, DDS",4211L,Laser- gingivectomy,8,1136
105,2022,"Harvey Seybold, DDS",7140C,Extraction-Simple-Child,2,158
106,2022,"Harvey Seybold, DDS",ADJB,Adjust Bite,20,0
107,2022,"Harvey Seybold, DDS",ADJD,Adjust denture upper,17,0
108,2022,"Harvey Seybold, DDS",ADJFL,Adjust treatment partial upper,1,0
109,2022,"Harvey Seybold, DDS",ADJOR,Adj ortho appl,2,0
110,2022,"Harvey Seybold, DDS",ADJP,Adjust Partial Denture Upper,4,0
111,2022,"Harvey Seybold, DDS",ADJSL,Adjust sleep appliance/snore guard ed Deere,5,0
112,2022,"Harvey Seybold, DDS",BOTCO,BOTOX consultation,1,0
113,2022,"Harvey Seybold, DDS",CEMBI,Cement bridge- implant,2,0
114,2022,"Harvey Seybold, DDS",CEMO,Cement Onlay/Inlay,2,0
115,2022,"Harvey Seybold, DDS",CMNTB,Cement Bridge,5,0
116,2022,"Harvey Seybold, DDS",CMNTC,Cement Crown,76,244
117,2022,"Harvey Seybold, DDS",CMTCI,Cement crown- implant,13,0
118,2022,"Harvey Seybold, DDS",FLUOR,Fluoridex 40z,30,629
119,2022,"Harvey Seybold, DDS",INCON,ortho- consult,5,0
120,2022,"Harvey Seybold, DDS",INRET,insert retainer,15,0
121,2022,"Harvey Seybold, DDS",INSEN,insert nightguard,27,87
122,2022,"Harvey Seybold, DDS",INSER,insert Denture Max,6,0
123,2022,"Harvey Seybold, DDS",INSG,Insert guard/appliance,1,0
124,2022,"Harvey Seybold, DDS",INSSG,Insert- sleep apnea guard,4,0
125,2022,"Harvey Seybold, DDS",INSTU,Insert treatment upper partial a,11,0
126,2022,"Harvey Seybold, DDS",INVDR,Ortho- Refinement Deliver,1,0
127,2022,"Harvey Seybold, DDS",INVIS,ortho- aligner initial delivery,3,0
128,2022,"Harvey Seybold, DDS",IOCAM,Intra Oral Camera- photographic images,4,0
129,2022,"Harvey Seybold, DDS",LASO1,° Laser- miscellaneous service,1,35
130,2022,"Harvey Seybold, DDS",MIPAS,MI Paste Plus,1,36
131,2022,"Harvey Seybold, DDS",ocs,Oral Cancer Screening/Tissue Exam,900,0
132,2022,"Harvey Seybold, DDS",OIMPF,Ortho-Final Impression,1,0
133,2022,"Harvey Seybold, DDS",ORACA,ORACARE Rinse (2) 16 0z each,8,249
134,2022,"Harvey Seybold, DDS",ORACS,ORACARE Rinse (2) 2 oz each,2,14
135,2022,"Harvey Seybold, DDS",OTRYC,Try of crown,5,0
136,2022,"Harvey Seybold, DDS",OTRYP,Try in Partial,6,0
137,2022,"Harvey Seybold, DDS",PHOTO,photos,4,0
138,2022,"Harvey Seybold, DDS",POLIS,Polish/Smooth,51,0
139,2022,"Harvey Seybold, DDS",POSTO,Post-Op,19,0
140,2022,"Harvey Seybold, DDS",SONIC,Sonicare Unit,2,0
141,2022,"Harvey Seybold, DDS",SUTUR,Suture Removal,14,0
142,2022,"Harvey Seybold, DDS",TEMP,Temp Filling,19,0
143,2022,"Harvey Seybold, DDS",TEMPB,Temp Bridge,1,0
144,2022,"Harvey Seybold, DDS",TMDT,JRE therapy,1,0
145,2022,"Harvey Seybold, DDS",TRYIN,Try in onlay or inlay,1,0
146,2022,"Harvey Seybold, DDS",WHITC,Whitening-shade check,5,0
147,2022,"Harvey Seybold, DDS",WHITI,Whitening- deliver trays,16,0
148,2022,"Harvey Seybold, DDS",WHITS,Whitening-3 pk syringe Nitewhite/Daywhit,36,1035
149,2022,"Harvey Seybold, DDS",WHITT,Whitening-impression for white trays,9,0
150,2022,"Harvey Seybold, DDS",00120,Periodic Oral Exam,1,51
151,2022,"Harvey Seybold, DDS",00150,Comprehensive Oral Exa,4,102
152,2022,"Harvey Seybold, DDS",00210,Intra Complete Series,91,12740
153,2022,"Harvey Seybold, DDS",00220,Intra Periapical-sing,14,431.75
154,2022,"Harvey Seybold, DDS",00230,Intra Periapical-addtl obey gC,11,220.5
155,2022,"Harvey Seybold, DDS",00272,Bitewings 2,28,1424
156,2022,"Harvey Seybold, DDS",00273,.: Bitewings 3,1,0
157,2022,"Harvey Seybold, DDS",00274,| Bitewings 4,215,13606
158,2022,"Harvey Seybold, DDS",00330,Panoramic,40,4992
159,2022,"Harvey Seybold, DDS",01110,Prophylaxis-adult,530,47446
160,2022,"Harvey Seybold, DDS",01120,Prophylaxis-child,80,6048
161,2022,"Harvey Seybold, DDS",01206,Fluoride- varnish,79,3268
162,2022,"Harvey Seybold, DDS",01208,Fluoride- topical application,5,215
163,2022,"Harvey Seybold, DDS",01330,oral hygiene instructions,618,0
164,2022,"Harvey Seybold, DDS",01351,Sealant,31,2101
165,2022,"Harvey Seybold, DDS",01353,"Sealant- repair, per tooth",5,0
166,2022,"Harvey Seybold, DDS",04341,". Scale & root planing/quad-Type IIB gbeded, Gah + Toua",22,6844
167,2022,"Harvey Seybold, DDS",04346,Gingival Inflammation Scaling,10,1561
168,2022,"Harvey Seybold, DDS",04355,Full Mouth Debridement,30,6660.5
169,2022,"Harvey Seybold, DDS",04910,Periodontal Maintenance,23,3655
170,2022,"Harvey Seybold, DDS",09210,Oraqix- local anesthesia w/out sx,2,24
171,2022,"Harvey Seybold, DDS",34341,Scaling & root planing/quad-Type III :,42,4030
172,2022,"Harvey Seybold, DDS",NPBAG,New Patient Bag dispensed,1,0
173,2022,"Harvey Seybold, DDS",ocs,2 Oral Cancer Screening/Tissue Exam,5,0
174,2022,"Harvey Seybold, DDS",Emily,Hawkins RDH '‘s Total:,1889,115573.75
175,2022,"Harvey Seybold, DDS",00210,Intra Complete Series,91,12672
176,2022,"Harvey Seybold, DDS",00220,Intra Periapical-sing,38,1261
177,2022,"Harvey Seybold, DDS",00230,Intra Periapical-addtl,8,247
178,2022,"Harvey Seybold, DDS",00270,Bitewing 1,3,36
179,2022,"Harvey Seybold, DDS",00272,Bitewings 2,47,2368
180,2022,"Harvey Seybold, DDS",00274,Bitewings 4,421,26420
181,2022,"Harvey Seybold, DDS",00330,Panoramic,88,11228
182,2022,"Harvey Seybold, DDS",01110,Prophylaxis-adult : :,1028,92406
183,2022,"Harvey Seybold, DDS",01120,Prophylaxis-child,116,9034
184,2022,"Harvey Seybold, DDS",01206,Fluoride- varnish,56,2365
185,2022,"Harvey Seybold, DDS",01208,Fluoride- topical application,67,2838
186,2022,"Harvey Seybold, DDS",01330,oral hygiene instructions,1114,0
187,2022,"Harvey Seybold, DDS",01351,Sealant,56,3784
188,2022,"Harvey Seybold, DDS",01353,"Sealant- repair, per tooth",1,0
189,2022,"Harvey Seybold, DDS",04341,Scale & root planing/quad-Type IIB,10,3174
190,2022,"Harvey Seybold, DDS",04346,Gingival Inflammation Scaling,3,463
191,2022,"Harvey Seybold, DDS",04355,Full Mouth Debridement,9,2039
192,2022,"Harvey Seybold, DDS",04910,Periodontal Maintenance,96,15871
193,2022,"Harvey Seybold, DDS",04921,Irrigation of ging. pockets w/medication,14,66
194,2022,"Harvey Seybold, DDS",09972,Whitening- in office ext per arch,2,0
195,2022,"Harvey Seybold, DDS",34341,Scaling & root planing/quad-Type III,4,1392
196,2022,"Harvey Seybold, DDS",FLUOR,Fluoridex 40z,1,22
197,2022,"Harvey Seybold, DDS",IOCAM,Intra Oral Camera- photographic images,3,0
198,2022,"Harvey Seybold, DDS",NPBAG,New Patient Bag dispensed,10,0
199,2022,"Harvey Seybold, DDS",ocs,Oral Cancer Screening/Tissue Exam,2,0
200,2022,"Harvey Seybold, DDS",WHITS,Whitening-3 pk syringe Nitewhite/Daywhit,3,109
201,2022,Farah Rahman RDH,00210,Intra Complete Series,27,3704
202,2022,Farah Rahman RDH,00220,«. Intra Periapical-sing,3,55
203,2022,Farah Rahman RDH,00230,Intra Periapical-addtl,2,39
204,2022,Farah Rahman RDH,00272,Bitewings 2,12,600
205,2022,Farah Rahman RDH,00274,Bitewings 4,92,5572
206,2022,Farah Rahman RDH,00330,Panoramic,8,888
207,2022,Farah Rahman RDH,01110,Prophylaxis-adult,168,15080
208,2022,Farah Rahman RDH,01120,Prophylaxis-child,33,2454
209,2022,Farah Rahman RDH,01206,Fluoride- varnish,26,1118
210,2022,Farah Rahman RDH,01208,Fluoride- topical application,6,258
211,2022,Farah Rahman RDH,01330,"oral hygiene instructions ,",212,0
212,2022,Farah Rahman RDH,01351,Sealant,9,595
213,2022,Farah Rahman RDH,0270N,Bitewing 1 no charge,1,0
214,2022,Farah Rahman RDH,04355,Full Mouth Debridement,9,1983
215,2022,Farah Rahman RDH,04910,Periodontal Maintenance,9,1426
216,2022,Farah Rahman RDH,NPBAG,New Patient Bag dispensed,4,0
217,2022,Hyg Hyg,00120,. Periodic Oral Exam,5,255
218,2022,Hyg Hyg,00220,Intra Periapical-sing,9,111
219,2022,Hyg Hyg,00230,Intra Periapical-addtl,1,32
220,2022,Hyg Hyg,00330,Panoramic,8,0
221,2022,Hyg Hyg,02330,Resin-one surf anterior,4,392
222,2022,Hyg Hyg,04266,Membraine -Guided tiss regen-resorb-per,18,5964
223,2022,Hyg Hyg,05140,Denture-Immediate lwr,1,0
224,2022,Hyg Hyg,05214,Partial metal w/ acrylic Lower,1,0
225,2022,Hyg Hyg,05820,treatment partial upper,2,360
226,2022,Hyg Hyg,06010,"implant, surgical placement of",29,65194
227,2022,Hyg Hyg,06056,Implant Abutment-prefaricated,5,356
228,2022,Hyg Hyg,06057,Implant abutment custom fabricated,19,12372
229,2022,Hyg Hyg,06058,Implant crown- Porcelain,17,25725
230,2022,Hyg Hyg,06068,Implant abutment for bridge- porcelain uye §,2,2958
231,2022,Hyg Hyg,06080,Implant Maintenance HyA Roo Tg,1,0
232,2022,Hyg Hyg,06100,Implant removal,1,530
233,2022,Hyg Hyg,06104,Bone Graft w/ implant placement,9,1638
234,2022,Hyg Hyg,06245,Pontic- porcelain/ceramic,2,2750
235,2022,Hyg Hyg,07140,"Extraction,erupted tooth or exposed root",3,662
236,2022,Hyg Hyg,07210,Extraction-Surgical,18,6264
237,2022,Hyg Hyg,07310,Alveoloplasty w/ ext 4 or more per quad,2,0
238,2022,Hyg Hyg,07952,Sinus Augmentation/vertical appro,1,1202
239,2022,Hyg Hyg,07953,Bone Graft w/ Extract wh,22,7676
240,2022,Hyg Hyg,08680,"Ortho Retainer, removal or placement of",1,0
241,2022,Hyg Hyg,09310,Consult,9,0
242,2022,Hyg Hyg,OTRYB,Try in of denture,1,0
243,2022,Hyg Hyg,4273P,Ging Graft-Subepithelial con tis,1,1107
244,2022,Hyg Hyg,CEMBI,Cement bridge- implant,1,0
245,2022,Hyg Hyg,CMNTG,Cement Crown,1,0
246,2022,Hyg Hyg,CMTCI,Cement crown- implant,14,0
247,2022,Hyg Hyg,INSTU,Insert treatment upper partial,1,0
248,2022,Hyg Hyg,ocs,Oral Cancer Screening/Tissue Exam,5,0
249,2022,Hyg Hyg,OTRYP,Try in Partial,1,0
250,2022,Hyg Hyg,POSTO,Post-Op,8,0
251,2022,Hyg Hyg,SUTUR,Suture Removal,4,0
252,2022,Hyg Hyg,TREAT,Treatment P/P-clear removable,1,165
253,2022,"Irbad Chowdhury, DMD",00120,Periodic Oral Exam :,733,37179
254,2022,"Irbad Chowdhury, DMD",00140,Limited Oral Evaluation/Emer,59,5334
255,2022,"Irbad Chowdhury, DMD",00150,Comprehensive Oral Exa,94,9657
256,2022,"Irbad Chowdhury, DMD",00170,— Re evaluation,8,0
257,2022,"Irbad Chowdhury, DMD",00191,Exam- assessment of a patient,6,0
258,2022,"Irbad Chowdhury, DMD",00220,Intra Periapical-sing,165,4685
259,2022,"Irbad Chowdhury, DMD",00230,Intra Periapical-addtl,21,535
260,2022,"Irbad Chowdhury, DMD",00270,Bitewing 1,5,36
261,2022,"Irbad Chowdhury, DMD",00272,Bitewings 2,2,52
262,2022,"Irbad Chowdhury, DMD",00273,Bitewings 3,4,58
263,2022,"Irbad Chowdhury, DMD",00274,Bitewings 4,4,189
264,2022,"Irbad Chowdhury, DMD",00330,Panoramic,7,504
265,2022,"Irbad Chowdhury, DMD",01110,Prophylaxis-adult,7,630
266,2022,"Irbad Chowdhury, DMD",01120,Prophylaxis-child,4,284
267,2022,"Irbad Chowdhury, DMD",01208,Fluoride- topical application,4,172
268,2022,"Irbad Chowdhury, DMD",0120C,Periodic Oral Exam-Child,160,7527
269,2022,"Irbad Chowdhury, DMD",01330,"oral hygiene instructions wry, LB ee",13,0
270,2022,"Irbad Chowdhury, DMD",0140C,Limited Oral Evaluation/Emer-Child,3,124
271,2022,"Irbad Chowdhury, DMD",0140N,Limited/EM exam- no charge,166,0
272,2022,"Irbad Chowdhury, DMD",0150C,Comprehensive Oral Exam-Child,13,1009
273,2022,"Irbad Chowdhury, DMD",01557,Space maintainer remove fix bilat max,1,0
274,2022,"Irbad Chowdhury, DMD",01558,Space maintainer remove fix bilat mand,1,0
275,2022,"Irbad Chowdhury, DMD",02330,Resin-one surf anterior,34,5892
276,2022,"Irbad Chowdhury, DMD",02331,Resin-two surf anterior,59,14015
277,2022,"Irbad Chowdhury, DMD",02332,Resin-three surf anterior,22,5983
278,2022,"Irbad Chowdhury, DMD",02335,Resin-four+surface -anterior,18,6111
279,2022,"Irbad Chowdhury, DMD",02391,Resin-based composite - 1 surf posterior,143,30100
280,2022,"Irbad Chowdhury, DMD",02392,Resin based comp - 2 surf posterior,164,42886
281,2022,"Irbad Chowdhury, DMD",02393,Resin based comp - 3 surf posterior,57,19060
282,2022,"Irbad Chowdhury, DMD",02394,"Resin-based comp -4 + surf,posterior",9,3668
283,2022,"Irbad Chowdhury, DMD",02620,Inlay porcelain/ceramic 2 surfaces,1,1029
284,2022,"Irbad Chowdhury, DMD",02644,Onlay porcelain/ceramic 4+ surfaces,3,2420
285,2022,"Irbad Chowdhury, DMD",02664,Onlay resin 4+ surfaces,1,901
286,2022,"Irbad Chowdhury, DMD",02740,Crown-Porcelain,57,76936
287,2022,"Irbad Chowdhury, DMD",02799,Temp Crown ( Provisional),2,0
288,2022,"Irbad Chowdhury, DMD",02920,Recement Crown,21,1186
289,2022,"Irbad Chowdhury, DMD",02921,Recement Crown-temp,3,0
290,2022,"Irbad Chowdhury, DMD",02940,sedative filling,8,584
291,2022,"Irbad Chowdhury, DMD",02950,Core Build-up,19,5168
292,2022,"Irbad Chowdhury, DMD",02954,Prefab Post & Core d,3,1257
293,2022,"Irbad Chowdhury, DMD",03310,Root Canal-Anterior,2,1874
294,2022,"Irbad Chowdhury, DMD",03320,Root Canal-pre molar i,4,1070
295,2022,"Irbad Chowdhury, DMD",03330,Root Canal-molar,4,4901
296,2022,"Irbad Chowdhury, DMD",04342,"SCRP Periodontal -1 to 3 teeth, per quad",1,0
297,2022,"Irbad Chowdhury, DMD",04355,Full Mouth Debridement,1,225
298,2022,"Irbad Chowdhury, DMD",0460,pulp vitality tests,1,0
299,2022,"Irbad Chowdhury, DMD",0470,Study models- Diagnostic Casts,4,0
300,2022,"Irbad Chowdhury, DMD",05110,Denture-complete upper,3,5980
301,2022,"Irbad Chowdhury, DMD",05120,Denture-complete lower,2,3967
302,2022,"Irbad Chowdhury, DMD",05214,Partial metal w/ acrylic Lower,1,2182
303,2022,"Irbad Chowdhury, DMD",05422,Adj part dent-lower,4,75
304,2022,"Irbad Chowdhury, DMD",05611,Repair /P resin base,1,275
305,2022,"Irbad Chowdhury, DMD",05630,"Repr,rep! Broken Clasp per tooth",1,0
306,2022,"Irbad Chowdhury, DMD",05650,Add Tooth to Denture/Partial,2,570
307,2022,"Irbad Chowdhury, DMD",05731,Reline lower denture-chairside,1,0
308,2022,"Irbad Chowdhury, DMD",05750,Reline Upper Denture-lab,1,0
309,2022,"Irbad Chowdhury, DMD",05751,Reline lower denture -Lab :,1,0
310,2022,"Irbad Chowdhury, DMD",05820,treatment partial upper,5,1292
311,2022,"Irbad Chowdhury, DMD",05821,treatment partial lower,1,0
312,2022,"Irbad Chowdhury, DMD",05986,Fluoride gel trays,1,0
313,2022,"Irbad Chowdhury, DMD",06057,Implant abutment custom fabricated,2,1332
314,2022,"Irbad Chowdhury, DMD",06058,Implant crown- Porcelain,2,3092
315,2022,"Irbad Chowdhury, DMD",06080,Implant Maint-remove and clean pros.,4,278
316,2022,"Irbad Chowdhury, DMD",06090,Implant-Repair Supported Prosthesis,1,0
317,2022,"Irbad Chowdhury, DMD",06245,Pontic- porcelain/ceramic,5,7122
318,2022,"Irbad Chowdhury, DMD",06740,Abutment- porcelain/ceramic,7,9996
319,2022,"Irbad Chowdhury, DMD",06930,recement brdg,11,629
320,2022,"Irbad Chowdhury, DMD",07140,"Extraction,erupted tooth or exposed root",37,8085
321,2022,"Irbad Chowdhury, DMD",07210,Extraction-Surgical,16,5538
322,2022,"Irbad Chowdhury, DMD",07465,Laser-destruction of lesion,1,36
323,2022,"Irbad Chowdhury, DMD",07953,Bone Graft w/ Extract,19,10486
324,2022,"Irbad Chowdhury, DMD",08040,Ortho-Limited Ortho Trmt-Adult,2,7900
325,2022,"Irbad Chowdhury, DMD",08090,Ortho-Comprehensive Ortho Trmt-Adult,4,17200
326,2022,"Irbad Chowdhury, DMD",08680,"Ortho Retainer, removal or placement of",14,1250
327,2022,"Irbad Chowdhury, DMD",08698,Ortho recem/rebon fix retain max,3,291
328,2022,"Irbad Chowdhury, DMD",08699,Ortho recem/rebon fix retain mand,7,288
329,2022,"Irbad Chowdhury, DMD",09120,Section bridge,3,205
330,2022,"Irbad Chowdhury, DMD",09210,Oraqix- local anesthesia w/out sx,3,24
331,2022,"Irbad Chowdhury, DMD",09310,Consult,3,0
332,2022,"Irbad Chowdhury, DMD",09440,Office Visit After-hrs,1,185
333,2022,"Irbad Chowdhury, DMD",09910,Desens. med/ FL2 per visit,3,0
334,2022,"Irbad Chowdhury, DMD",09911,Desens. Resin per tooth,2,0
335,2022,"Irbad Chowdhury, DMD",09940,"Ocel Grd, by report",1,653
336,2022,"Irbad Chowdhury, DMD",09945,"Occl guard- soft, full arch",2,1306
337,2022,"Irbad Chowdhury, DMD",09972,Whitening- ZOOM in office ext per arch,15,400
338,2022,"Irbad Chowdhury, DMD",09975,"Whitening- at home, external per arch",10,0
339,2022,"Irbad Chowdhury, DMD",OADJN,Adjust Nightguard walt,17,0
340,2022,"Irbad Chowdhury, DMD",OIMP2,Impression - For Crown,13,0
341,2022,"Irbad Chowdhury, DMD",OIMPD,Impression for Denture,9,0
342,2022,"Irbad Chowdhury, DMD",OIMPI,Impression for Inlay or Onlay,1,0
343,2022,"Irbad Chowdhury, DMD",OIMPN,Impression for Night G,1,0
344,2022,"Irbad Chowdhury, DMD",OIMPO,ortho- models imp.,6,0
345,2022,"Irbad Chowdhury, DMD",OTRYB,Try in of denture,16,0
346,2022,"Irbad Chowdhury, DMD",2392C,Resin based comp-2 surf post-Primary,26,3132
347,2022,"Irbad Chowdhury, DMD",2393C,Resin based comp-3 surf post-Primary,2,311
348,2022,"Irbad Chowdhury, DMD",4211L,Laser- gingivectomy,3,292
349,2022,"Irbad Chowdhury, DMD",7140C,Extraction-Simple-Child,17,1278
350,2022,"Irbad Chowdhury, DMD",ADJB,Adjust Bite,20,0
351,2022,"Irbad Chowdhury, DMD",ADJD,Adjust denture upper,1,0
352,2022,"Irbad Chowdhury, DMD",ADJFL,Adjust treatment partial upper,3,0
353,2022,"Irbad Chowdhury, DMD",ADJOR,Adj ortho appl,1,0
354,2022,"Irbad Chowdhury, DMD",ADJP,Adjust Partial Denture Upper,2,0
355,2022,"Irbad Chowdhury, DMD",ADJSL,Adjust sleep appliance/snore guard,1,0
356,2022,"Irbad Chowdhury, DMD",BOTOX,Botox- per unit,34,14040
357,2022,"Irbad Chowdhury, DMD",BOTPO,Botox Post Op,7,0
358,2022,"Irbad Chowdhury, DMD",CEMO,Cement Onlay/Inlay,5,0
359,2022,"Irbad Chowdhury, DMD",CMNTB,Cement Bridge,3,0
360,2022,"Irbad Chowdhury, DMD",CMNTC,Cement Crown,58,192.4
361,2022,"Irbad Chowdhury, DMD",CMTCI,Cement crown- implant,2,0
362,2022,"Irbad Chowdhury, DMD",COLLP,Collegen Plug,8,105
363,2022,"Irbad Chowdhury, DMD",EFILL,Root Canal - Completed,3,0
364,2022,"Irbad Chowdhury, DMD",ENDO,Root canal- continuation,1,0
365,2022,"Irbad Chowdhury, DMD",FLUOR,Fluoridex 40z,1,22
366,2022,"Irbad Chowdhury, DMD",INCON,ortho- consult,11,0
367,2022,"Irbad Chowdhury, DMD",INRET,insert retainer,4,0
368,2022,"Irbad Chowdhury, DMD",INSEN,insert nightguard,24,0
369,2022,"Irbad Chowdhury, DMD",INSER,insert Denture Max,5,0
370,2022,"Irbad Chowdhury, DMD",INSG,Insert guard/appliance,2,0
371,2022,"Irbad Chowdhury, DMD",INSTL,Insert treatment lower partial,1,91.6
372,2022,"Irbad Chowdhury, DMD",INSTR,Insert trays,1,0
373,2022,"Irbad Chowdhury, DMD",INSTU,Insert treatment upper partial,7,0
374,2022,"Irbad Chowdhury, DMD",INVDR,Ortho- Refinement Deliver,4,0
375,2022,"Irbad Chowdhury, DMD",INVIS,ortho- aligner initial delivery,6,0
376,2022,"Irbad Chowdhury, DMD",IOCAM,Intra Oral Camera- photographic images,9,0
377,2022,"Irbad Chowdhury, DMD",LASO1,Laser- miscellaneous service,2,36
378,2022,"Irbad Chowdhury, DMD",ocs,Oral Cancer Screening/Tissue Exam,805,0
379,2022,"Irbad Chowdhury, DMD",OIMPF,° Ortho-Final Impression,2,150
380,2022,"Irbad Chowdhury, DMD",OTRYC,Try of crown,2,0
381,2022,"Irbad Chowdhury, DMD",OTRYP,Try in Partial,1,0
382,2022,"Irbad Chowdhury, DMD",PHOTO,photos,11,0
383,2022,"Irbad Chowdhury, DMD",POLIS,Polish/Smooth 2tteh,72,0
384,2022,"Irbad Chowdhury, DMD",POSTO,Post-Op,40,0
385,2022,"Irbad Chowdhury, DMD",TEMP,Temp Filling,6,0
386,2022,"Irbad Chowdhury, DMD",WHITC,Whitening-shade check,2,0
387,2022,"Irbad Chowdhury, DMD",WHITI,Whitening- deliver trays,4,0
388,2022,"Irbad Chowdhury, DMD",WHITS,Whitening-3 pk syringe Nitewhite/Daywhit,3,0
389,2022,"Irbad Chowdhury, DMD",WHITT,Whitening-impression for white trays,4,0
390,2022,"Michele Chiafulio-Zasada, RDH",00210,Intra Complete Series,12,1672
391,2022,"Michele Chiafulio-Zasada, RDH",00272,Bitewings 2,6,302
392,2022,"Michele Chiafulio-Zasada, RDH",00274,Bitewings 4,23,1449
393,2022,"Michele Chiafulio-Zasada, RDH",00330,Panoramic,6,760
394,2022,"Michele Chiafulio-Zasada, RDH",01110,Prophylaxis-adult,61,5490
395,2022,"Michele Chiafulio-Zasada, RDH",01120,Prophylaxis-child,10,716
396,2022,"Michele Chiafulio-Zasada, RDH",01206,Fluoride- varnish,8,344
397,2022,"Michele Chiafulio-Zasada, RDH",01208,Fluoride- topical application,3,129
398,2022,"Michele Chiafulio-Zasada, RDH",01330,oral hygiene instructions,71,0
399,2022,"Michele Chiafulio-Zasada, RDH",01351,Sealant,4,260
400,2022,"Michele Chiafulio-Zasada, RDH",04910,. Periodontal Maintenance,5,835
401,2022,"Peter S. Chang, DDS",00120,Periodic Oral Exam,18,918
402,2022,"Peter S. Chang, DDS",00140,Limited Oral Evaluation/Emer,1,93
403,2022,"Peter S. Chang, DDS",00150,Comprehensive Oral Exa,1,105
404,2022,"Peter S. Chang, DDS",00220,Intra Periapical-sing gb a,5,109
405,2022,"Peter S. Chang, DDS",00274,Bitewings 4,2,128
406,2022,"Peter S. Chang, DDS",01110,Prophylaxis-adult,2,180
407,2022,"Peter S. Chang, DDS",0120C,Periodic Oral Exam-Child,2,92
408,2022,"Peter S. Chang, DDS",01330,oral hygiene instructions,2,0
409,2022,"Peter S. Chang, DDS",0140N,Limited/EM exam- no charge,6,0
410,2022,"Peter S. Chang, DDS",02391,Resin-based composite - 1 surf posterior,3,642
411,2022,"Peter S. Chang, DDS",02392,Resin based comp - 2 surf posterior,11,2712
412,2022,"Peter S. Chang, DDS",02393,Resin based comp - 3 surf posterior,1,0
413,2022,"Peter S. Chang, DDS",02740,Crown-Porcelain,5,5749
414,2022,"Peter S. Chang, DDS",02920,Recement Crown,1,130
415,2022,"Peter S. Chang, DDS",03320,Root Canal-pre molar,1,1070
416,2022,"Peter S. Chang, DDS",03330,Root Canal-molar,1,1300
417,2022,"Peter S. Chang, DDS",07210,Extraction-Surgical,4,1402
418,2022,"Peter S. Chang, DDS",08680,"Ortho Retainer, removal or placement of",2,0
419,2022,"Peter S. Chang, DDS",09971,Enameloplasty,1,0
420,2022,"Peter S. Chang, DDS",2392C,Resin based comp-2 surf post-Primary,2,292
421,2022,"Peter S. Chang, DDS",7140C,Extraction-Simple-Child,1,80
422,2022,"Peter S. Chang, DDS",ADJB,Adjust Bite,1,0
423,2022,"Peter S. Chang, DDS",BOTCO,BOTOX consultation,1,0
424,2022,"Peter S. Chang, DDS",BOTOX,Botox- per unit,2,1152
425,2022,"Peter S. Chang, DDS",CMNTC,Cement Crown,4,279
426,2022,"Peter S. Chang, DDS",INSEN,insert nightguard,1,110
427,2022,"Peter S. Chang, DDS",ocs,Oral Cancer Screening/Tissue Exam,18,0
428,2022,"Peter S. Chang, DDS",POLIS,; Polish/Smooth,1,0
429,2023,"Harvey Seybold, DDS",00120,Periodic Oral Exam,891,45288
430,2023,"Harvey Seybold, DDS",00140,Limited Oral Evaluation/Emer,47,4341
431,2023,"Harvey Seybold, DDS",00150,Comprehensive Oral Exa,62,6660
432,2023,"Harvey Seybold, DDS",00170,Re evaluation,12,0
433,2023,"Harvey Seybold, DDS",00191,Exam- assessment of a patient,3,0
434,2023,"Harvey Seybold, DDS",00210,— Intra Complete Series,1,136
435,2023,"Harvey Seybold, DDS",00220,Intra Periapical-sing,150,3923
436,2023,"Harvey Seybold, DDS",00230,Intra Periapical-addtl 7,7,157
437,2023,"Harvey Seybold, DDS",00270,Bitewing 1 _,10,185
438,2023,"Harvey Seybold, DDS",0120C,Periodic Oral Exam-Child,74,3412
439,2023,"Harvey Seybold, DDS",01330,oral hygiene instructions,2,0
440,2023,"Harvey Seybold, DDS",01351,Sealant,6,390
441,2023,"Harvey Seybold, DDS",0140C,Limited Oral Evaluation/Emer-Child,1,67
442,2023,"Harvey Seybold, DDS",0140N,Limited/EM exam- no charge ES,171,0
443,2023,"Harvey Seybold, DDS",0150C,Comprehensive Oral Exam-Child,7,588
444,2023,"Harvey Seybold, DDS",02150,=; Amalgam- 2surf perm,1,198
445,2023,"Harvey Seybold, DDS",02330,Resin-one surf anterior,75,12997.6
446,2023,"Harvey Seybold, DDS",02331,Resin-two surf anterior,64,13920
447,2023,"Harvey Seybold, DDS",02332,Resin-three surf anterior,29,6425.6
448,2023,"Harvey Seybold, DDS",02335,Resin-four+surface -anterior,11,3104
449,2023,"Harvey Seybold, DDS",02391,Resin-based composite - 1 surf posterior,122,24701
450,2023,"Harvey Seybold, DDS",02392,Resin based comp - 2 surf posterior,99,26516
451,2023,"Harvey Seybold, DDS",02393,Resin based comp - 3 surf posterior,44,15163
452,2023,"Harvey Seybold, DDS",02394,"Resin-based comp -4 + surf,posterior",6,2130
453,2023,"Harvey Seybold, DDS",0270N,Bitewing 1 no charge,3,0
454,2023,"Harvey Seybold, DDS",02740,Crown-Porcelain,57,81882
455,2023,"Harvey Seybold, DDS",02799,Temp Crown ( Provisional),12,610
456,2023,"Harvey Seybold, DDS",02915,Recement post and core,4,108
457,2023,"Harvey Seybold, DDS",02920,Recement Crown,23,2058
458,2023,"Harvey Seybold, DDS",02921,Recement Crown-temp,10,0
459,2023,"Harvey Seybold, DDS",02940,sedative filling :,5,608
460,2023,"Harvey Seybold, DDS",02950,Core Build-up,11,2872
461,2023,"Harvey Seybold, DDS",02954,Prefab Post & Core,2,716
462,2023,"Harvey Seybold, DDS",02999,Misc restorative procedure,2,100
463,2023,"Harvey Seybold, DDS",04211,Gingivectomy- 1-3 teeth per quad,3,934
464,2023,"Harvey Seybold, DDS",0470,Study models- Diagnostic Casts,7,0
465,2023,"Harvey Seybold, DDS",05110,Denture-complete upper,3,5160
466,2023,"Harvey Seybold, DDS",05130,Denture-immediate upr,2,4586
467,2023,"Harvey Seybold, DDS",05140,Denture-Immediate Iwr,2,4586
468,2023,"Harvey Seybold, DDS",05213,Partial metal w/ acrylic Upper ‘,1,2243
469,2023,"Harvey Seybold, DDS",05214,Partial metal w/ acrylic Lower,8,15408
470,2023,"Harvey Seybold, DDS",05410,Adj compl upper dentur ;,1,0
471,2023,"Harvey Seybold, DDS",05421,Adj part dent-upper,2,50
472,2023,"Harvey Seybold, DDS",05422,Adj part dent-lower,5,50
473,2023,"Harvey Seybold, DDS",05511,Repair broken complete /F base,2,100
474,2023,"Harvey Seybold, DDS",05520,Replace/repair broken tooth on denture,6,509
475,2023,"Harvey Seybold, DDS",05612,Repair P/ resin base,1,0
476,2023,"Harvey Seybold, DDS",05621,Repair /P framework,1,0
477,2023,"Harvey Seybold, DDS",05650,Add Tooth to Denture/Partial,7,1764
478,2023,"Harvey Seybold, DDS",05730,Reline Upper Denture-chairside,4,0
479,2023,"Harvey Seybold, DDS",05731,Reline lower denture-chairside,2,0
480,2023,"Harvey Seybold, DDS",05741,Reline lower partial denture-chairside,3,0
481,2023,"Harvey Seybold, DDS",05811,Treatment denture lower,1,777
482,2023,"Harvey Seybold, DDS",05820,treatment partial upper,5,1504
483,2023,"Harvey Seybold, DDS",05821,treatment partial lower,1,418
484,2023,"Harvey Seybold, DDS",05866,Overdenture- partial mandibular,1,2413
485,2023,"Harvey Seybold, DDS",05867,Precision attatchment replacement,2,0
486,2023,"Harvey Seybold, DDS",05986,Fluoride gel trays,1,143
487,2023,"Harvey Seybold, DDS",06057,Implant-custom fabricated abutment,12,7054
488,2023,"Harvey Seybold, DDS",06058,Implant crown- Porcelain,13,16782
489,2023,"Harvey Seybold, DDS",06091,Implant- Replac. attachment,5,0
490,2023,"Harvey Seybold, DDS",06105,Implant removal w/o flap and bone remova,1,510
491,2023,"Harvey Seybold, DDS",06197,Implant close access hole screw retained,2,0
492,2023,"Harvey Seybold, DDS",06199,"Unspecified implant procedure, by report",8,200
493,2023,"Harvey Seybold, DDS",06245,Pontic- porcelain/ceramic eR eey es,3,4462
494,2023,"Harvey Seybold, DDS",06740,Abutment- porcelain/ceramic,6,8924
495,2023,"Harvey Seybold, DDS",06930,.. recement brdg,210,812
496,2023,"Harvey Seybold, DDS",07140,"Extraction,erupted tooth or exposed root",2,464
497,2023,"Harvey Seybold, DDS",07465,Laser-destruction of lesion,4,72
498,2023,"Harvey Seybold, DDS",07880,JRE TMD- Occ Orthotic,4,972
499,2023,"Harvey Seybold, DDS",07961,Frenectomy buccal labial,1,643
500,2023,"Harvey Seybold, DDS",08040,Ortho-Limited Ortho Trmt-Adult,1,2400
501,2023,"Harvey Seybold, DDS",08090,Ortho-Comprehensive Ortho Trmt-Adult,4,13800
502,2023,"Harvey Seybold, DDS",08680,"| Ortho Retainer, removal or placement of",12,600
503,2023,"Harvey Seybold, DDS",08697,Ortho repair ortho appliance mand,1,0
504,2023,"Harvey Seybold, DDS",08699,Ortho recem/rebon fix retain mand,4,240
505,2023,"Harvey Seybold, DDS",08702,Ortho repair/reatttac fixed retainer man,1,100
506,2023,"Harvey Seybold, DDS",08704,Ortho retainer replace lost/broke mand,1,175
507,2023,"Harvey Seybold, DDS",08999,Ortho-unspecified,2,0
508,2023,"Harvey Seybold, DDS",09120,Section bridge,2,107
509,2023,"Harvey Seybold, DDS",09210,Oraqix- local anesthesia w/out sx,9,108
510,2023,"Harvey Seybold, DDS",09310,Consult,21,96
511,2023,"Harvey Seybold, DDS",09440,Office Visit After-hrs,1,0
512,2023,"Harvey Seybold, DDS",09932,- Denture- clean & inspect F/,2,80
513,2023,"Harvey Seybold, DDS",09944,"Occl guard- hard, full arch",30,20018
514,2023,"Harvey Seybold, DDS",09947,Sleep apnea appliance fabrication,4,1472
515,2023,"Harvey Seybold, DDS",09949,Sleep apnea appliance repair,2,0
516,2023,"Harvey Seybold, DDS",09972,Whitening- in office ext per arch,6,1300
517,2023,"Harvey Seybold, DDS",09975,"Whitening- at home, external per arch",7,0
518,2023,"Harvey Seybold, DDS",OADJN,Adjust Nightguard,54,0
519,2023,"Harvey Seybold, DDS",OBITE,Bite Registration,1,0
520,2023,"Harvey Seybold, DDS",OBTRY,Try in bridge,1,0
521,2023,"Harvey Seybold, DDS",OIMP2,Impression - For Crown,4,0
522,2023,"Harvey Seybold, DDS",OIMPB,Impression for Bridge,2,0
523,2023,"Harvey Seybold, DDS",OIMPD,Impression for Denture,2,0
524,2023,"Harvey Seybold, DDS",OIMPN,Impression for Night G,1,0
525,2023,"Harvey Seybold, DDS",OIMPO,ortho- models imp.,5,0
526,2023,"Harvey Seybold, DDS",OPTRY,Try in of partial framework,3,0
527,2023,"Harvey Seybold, DDS",OTRYB,Try in of denture,14,0
528,2023,"Harvey Seybold, DDS",2331C,Resin-two surface anterior-Primary,1,144
529,2023,"Harvey Seybold, DDS",2332C,Resin-three surface anterior-Primary,1,0
530,2023,"Harvey Seybold, DDS",4211L,Laser- gingivectomy,19,900
531,2023,"Harvey Seybold, DDS",7140C,Extraction-Simple-Child,8,664
532,2023,"Harvey Seybold, DDS",ADJAP,Adjust appliance,2,0
533,2023,"Harvey Seybold, DDS",ADJB,Adjust Bite,20,0
534,2023,"Harvey Seybold, DDS",ADJD,Adjust denture upper,19,70
535,2023,"Harvey Seybold, DDS",ADJF,Adjust treatment partial lower,1,0
536,2023,"Harvey Seybold, DDS",ADJOR,Adj ortho appl,2,0
537,2023,"Harvey Seybold, DDS",ADJP,Adjust Partial Denture Upper,8,0
538,2023,"Harvey Seybold, DDS",ADJSL,Adjust sleep appliance/snore guard,3,0
539,2023,"Harvey Seybold, DDS",BOTOX,Botox- per unit,1,0
540,2023,"Harvey Seybold, DDS",CMNTB,Cement Bridge,4,0
541,2023,"Harvey Seybold, DDS",CMNTC,Cement Crown,65,0
542,2023,"Harvey Seybold, DDS",CMTCI,Cement crown- implant,15,0
543,2023,"Harvey Seybold, DDS",FLUOR,.. Fluoridex 40z,30,717
544,2023,"Harvey Seybold, DDS",INCON,ortho- consult,8,0
545,2023,"Harvey Seybold, DDS",INRET,insert retainer,14,0
546,2023,"Harvey Seybold, DDS",INSEN,insert nightguard,29,0
547,2023,"Harvey Seybold, DDS",INSER,insert Denture Max,5,0
548,2023,"Harvey Seybold, DDS",INSSG,Insert- sleep apnea guard,1,0
549,2023,"Harvey Seybold, DDS",INSTR,Insert trays,1,0
550,2023,"Harvey Seybold, DDS",INSTU,Insert treatment upper partial,2,0
551,2023,"Harvey Seybold, DDS",INVDR,Ortho- Refinement Deliver,1,0
552,2023,"Harvey Seybold, DDS",INVIS,ortho- aligner initial delivery,6,0
553,2023,"Harvey Seybold, DDS",IOCAM,Intra Oral Camera- photographic images,15,0
554,2023,"Harvey Seybold, DDS",LAB,Lab Services,1,2217.77
555,2023,"Harvey Seybold, DDS",LASO1,Laser- miscellaneous service,5,37
556,2023,"Harvey Seybold, DDS",ocs,Oral Cancer Screening/Tissue Exam,930,0
557,2023,"Harvey Seybold, DDS",OIMPF,Ortho-Final Impression,3,0
558,2023,"Harvey Seybold, DDS",ORACA,ORACARE Rinse (2) 16 oz each,4,132
559,2023,"Harvey Seybold, DDS",OTRYC,Try of crown,2,0
560,2023,"Harvey Seybold, DDS",OTRYP,Try in Partial,9,0
561,2023,"Harvey Seybold, DDS",PHOTO,photos,9,0
562,2023,"Harvey Seybold, DDS",POLIS,Polish/Smooth,40,0
563,2023,"Harvey Seybold, DDS",POSTO,Post-Op,25,0
564,2023,"Harvey Seybold, DDS",SONIC,Sonicare Unit,2,0
565,2023,"Harvey Seybold, DDS",SUTUR,Suture Removal,8,0
566,2023,"Harvey Seybold, DDS",TEMP,Temp Filling,16,0
567,2023,"Harvey Seybold, DDS",UNIMP,Implant uncover,1,0
568,2023,"Harvey Seybold, DDS",WHITC,Whitening-shade check,1,0
569,2023,"Harvey Seybold, DDS",WHITI,Whitening- deliver trays,6,0
570,2023,"Harvey Seybold, DDS",WHITS,Whitening-3 pk syringe Nitewhite/Daywhit,18,504
571,2023,"Harvey Seybold, DDS",WHITT,Whitening-impression for white trays,6,150
572,2023,"Harvey Seybold, DDS",WHITT,Whitening-impression for white trays,6,150
573,2023,"Harvey Seybold, DDS",00120,Periodic Oral Exam,2,102
574,2023,"Harvey Seybold, DDS",00210,Intra Complete Series,89,12081
575,2023,"Harvey Seybold, DDS",00220,Intra Periapical-sing,3,76
576,2023,"Harvey Seybold, DDS",00270,Bitewing 1,1,0
577,2023,"Harvey Seybold, DDS",00272,Bitewings 2,48,2400
578,2023,"Harvey Seybold, DDS",00274,Bitewings 4,269,16487
579,2023,"Harvey Seybold, DDS",00330,Panoramic,32,3988
580,2023,"Harvey Seybold, DDS",01110,Prophylaxis-adult,664,59450
581,2023,"Harvey Seybold, DDS",01120,Prophylaxis-child,88,6537
582,2023,"Harvey Seybold, DDS",01206,Fluoride- varnish,97,4171
583,2023,"Harvey Seybold, DDS",01330,oral hygiene instructions,751,0
584,2023,"Harvey Seybold, DDS",01351,Sealant igh,20,1170
585,2023,"Harvey Seybold, DDS",01353,"Sealant- repair, per tooth",7,0
586,2023,"Harvey Seybold, DDS",0140C,#: Limited Oral Evaluation/Emer-Child,1,0
587,2023,"Harvey Seybold, DDS",04341,Scale & root planing/quad-Type IIB,28,9212
588,2023,"Harvey Seybold, DDS",04342,"SCRP Periodontal -1 to 3 teeth, per quad _",4,928
589,2023,"Harvey Seybold, DDS",04355,Full Mouth Debridement,13,3100
590,2023,"Harvey Seybold, DDS",04910,Periodontal Maintenance,43,6970
591,2023,"Harvey Seybold, DDS",04921,Irrigation of ging. pockets w/medication,44,0
592,2023,"Harvey Seybold, DDS",09972,Whitening- in office ext per arch,4,100
593,2023,"Harvey Seybold, DDS",34341,Scaling & root planing/quad-Type III,16,5626
594,2023,"Harvey Seybold, DDS",IOCAM,Intra Oral Camera- photographic images,14,0
595,2023,"Harvey Seybold, DDS",ocs,Oral Cancer Screening/Tissue Exam,5,0
596,2023,Emily Hawkins RDH,00120,Periodic Oral Exam,3,153
597,2023,Emily Hawkins RDH,00140,Limited Oral Evaluation/Emer,4,0
598,2023,Emily Hawkins RDH,00210,Intra Complete Series,77,10540
599,2023,Emily Hawkins RDH,00220,Intra Periapical-sing,26,635
600,2023,Emily Hawkins RDH,00230,Intra Periapical-addtl,11,227
601,2023,Emily Hawkins RDH,00274,Bitewings 4,421,25693
602,2023,Emily Hawkins RDH,00330,Panoramic,70,8732
603,2023,Emily Hawkins RDH,01110,"Prophylaxis-adult pied, WMS op ald",1034,92988
604,2023,Emily Hawkins RDH,01120,Prophylaxis-child,128,9922
605,2023,Emily Hawkins RDH,01206,Fluoride- varnish,71,2967
606,2023,Emily Hawkins RDH,01208,Fluoride- topical application,63,2666
607,2023,Emily Hawkins RDH,01330,oral hygiene instructions,1125,0
608,2023,Emily Hawkins RDH,01351,Sealant,56,3656
609,2023,Emily Hawkins RDH,01353,"Sealant- repair, per tooth",4,0
610,2023,Emily Hawkins RDH,04341,Scale & root planing/quad-Type IIB,12,4008
611,2023,Emily Hawkins RDH,04346,Gingival Inflammation Scaling Hie : 2,5,800
612,2023,Emily Hawkins RDH,04355,Full Mouth Debridement,12,2854
613,2023,Emily Hawkins RDH,04910,Periodontal Maintenance,75,12555
614,2023,Emily Hawkins RDH,04921,Irrigation of ging. pockets w/medication,22,0
615,2023,Emily Hawkins RDH,09210,Oraqix- local anesthesia w/out sx,3,36
616,2023,Emily Hawkins RDH,09911,Desens. Resin per tooth,2,0
617,2023,Emily Hawkins RDH,09972,Whitening- in office ext per arch,2,400
618,2023,Emily Hawkins RDH,34341,Scaling & root planing/quad-Type III,8,2864
619,2023,Emily Hawkins RDH,FLUOR,Fluoridex 40z,1,24
620,2023,Emily Hawkins RDH,IOCAM,Intra Oral Camera- photographic images,10,0
621,2023,Emily Hawkins RDH,NPBAG,New Patient Bag dispensed,2,0
622,2023,Emily Hawkins RDH,ocs,Oral Cancer Screening/Tissue Exam,8,0
623,2023,Emily Hawkins RDH,SONIC,Sonicare Unit,3,0
624,2023,Emily Hawkins RDH,WHITI,Whitening- deliver trays,1,0
625,2023,Emily Hawkins RDH,WHITS,Whitening-3 pk syringe Nitewhite/Daywhit,1,46
626,2023,Farah Rahman RDH,00274,Bitewings 4,4,244
627,2023,Farah Rahman RDH,01110,Prophylaxis-adult,4243,990
628,2023,Farah Rahman RDH,01330,oral hygiene instructions,42,0
629,2023,Farah Rahman RDH,04921,"Irrigation of ging. pockets w/medication Uiatasia *,",2,0
630,2023,Farah Rahman RDH,34341,Scaling & root planing/quad-Type Ill,2,716
631,2023,Hyg Hyg,00120,Periodic Oral Exam,2,102
632,2023,Hyg Hyg,00220,Intra Periapical-sing,8,151
633,2023,Hyg Hyg,00230,Intra Periapical-addtl of :,5,99
634,2023,Hyg Hyg,00274,Bitewings 4,2,0
635,2023,Hyg Hyg,00330,Panoramic,2,0
636,2023,Hyg Hyg,0140N,Limited/EM exam- no charge,1,0
637,2023,Hyg Hyg,03425,Apicoectomy/Periradicular sx- molar,1,0
638,2023,Hyg Hyg,04266,Membraine -Guided tiss regen-resorb-per,12,6219
639,2023,Hyg Hyg,06010,"implant, surgical placement of danar Rad 3",12,28528
640,2023,Hyg Hyg,06057,Implant abutment custom fabricated,5,3381
641,2023,Hyg Hyg,06058,Implant crown- Porcelain,5,7849
642,2023,Hyg Hyg,06068,Implant abutment for bridge- porcelain,5,7845
643,2023,Hyg Hyg,06115,Implant-abut supp fixed /F,1,0
644,2023,Hyg Hyg,06191,Implant semi precision abutment- locator,1,0
645,2023,Hyg Hyg,06199,"Unspecified implant procedure, by report tye 3",1,0
646,2023,Hyg Hyg,06245,Pontic- porcelain/ceramic,8,3655
647,2023,Hyg Hyg,07140,"Extraction,erupted tooth or exposed root",2,457
648,2023,Hyg Hyg,07210,Extraction-Surgical,8,2879
649,2023,Hyg Hyg,07953,Bone Graft w/ Extract,11,6301
650,2023,Hyg Hyg,09310,Consult,5,0
651,2023,Hyg Hyg,09930,Dry socket or other post surg. tx,1,0
652,2023,Hyg Hyg,CMTCI,Cement crown- implant,7,499
653,2023,Hyg Hyg,ocs,"Oral Cancer Screening/Tissue Exam : ,",3,0
654,2023,Hyg Hyg,POSTO,Post-Op,5,0
655,2023,Hyg Hyg,SUTUR,Suture Removal,6,0
656,2023,"Irbad Chowdhury, DMD",00120,Periodic Oral Exam,736,37434
657,2023,"Irbad Chowdhury, DMD",00140,Limited Oral Evaluation/Emer,52,4737
658,2023,"Irbad Chowdhury, DMD",00150,Comprehensive Oral Exa,79,8487
659,2023,"Irbad Chowdhury, DMD",00170,Re evaluation,19,0
660,2023,"Irbad Chowdhury, DMD",00191,Exam- assessment of a patient,2,0
661,2023,"Irbad Chowdhury, DMD",00210,"| Intra Complete Series ,",3,408
662,2023,"Irbad Chowdhury, DMD",00220,Intra Periapical-sing,163,4469
663,2023,"Irbad Chowdhury, DMD",00230,Intra Periapical-addtl,31,593
664,2023,"Irbad Chowdhury, DMD",00270,Bitewing 1 ALITA ONS 8 PSUS,8,148
665,2023,"Irbad Chowdhury, DMD",00272,Bitewings 2,10,100
666,2023,"Irbad Chowdhury, DMD",00274,Bitewings 4,16,915
667,2023,"Irbad Chowdhury, DMD",00330,Panoramic,8,744
668,2023,"Irbad Chowdhury, DMD",01120,Prophylaxis-child,4,294
669,2023,"Irbad Chowdhury, DMD",01206,Fluoride- varnish,6,258
670,2023,"Irbad Chowdhury, DMD",0120C,Periodic Oral Exam-Child,135,6236
671,2023,"Irbad Chowdhury, DMD",01330,oral hygiene instructions,30,0
672,2023,"Irbad Chowdhury, DMD",01351,Sealant ales?,6,390
673,2023,"Irbad Chowdhury, DMD",01352,Fissurotomy- pit or fissure restoration,1,145
674,2023,"Irbad Chowdhury, DMD",01353,".. Sealant- repair, per tooth",1,0
675,2023,"Irbad Chowdhury, DMD",0140,Limited oral evaluation,2,112
676,2023,"Irbad Chowdhury, DMD",0140C,Limited Oral Evaluation/Emer-Child,4,65
677,2023,"Irbad Chowdhury, DMD",0140N,Limited/EM exam- no charge,150,0
678,2023,"Irbad Chowdhury, DMD",0150C,. Comprehensive Oral Exam-Child,14,1176
679,2023,"Irbad Chowdhury, DMD",01558,Space maintainer remove fix bilat mand,1,0
680,2023,"Irbad Chowdhury, DMD",02330,Resin-one surf anterior 7,31,5996
681,2023,"Irbad Chowdhury, DMD",02331,Resin-two surf anterior eae ariel ~,46,10364
682,2023,"Irbad Chowdhury, DMD",02332,Resin-three surf anterior,20,5515
683,2023,"Irbad Chowdhury, DMD",02335,Resin-fourt+surface -anterior,15,5366
684,2023,"Irbad Chowdhury, DMD",02391,Resin-based composite - 1 surf posterior,100,20814
685,2023,"Irbad Chowdhury, DMD",02392,Resin based comp - 2 surf posterior,195,53949
686,2023,"Irbad Chowdhury, DMD",02393,Resin based comp - 3 surf posterior,71,24332
687,2023,"Irbad Chowdhury, DMD",02394,"Resin-based comp -4 + surf,posterior",5,2130
688,2023,"Irbad Chowdhury, DMD",02642,Onlay porcelain ceramic two surface,1,0
689,2023,"Irbad Chowdhury, DMD",02643,Onlay porcelain/ceramic 3 surfaces,1,1283
690,2023,"Irbad Chowdhury, DMD",0270N,Bitewing 1 no charge,6,0
691,2023,"Irbad Chowdhury, DMD",02740,Crown-Porcelain,60,79314
692,2023,"Irbad Chowdhury, DMD",02790,Crown-Gold(full cast),3,4601
693,2023,"Irbad Chowdhury, DMD",02799,Temp Crown ( Provisional),2,305
694,2023,"Irbad Chowdhury, DMD",02910,Recement Inlay/onlay/veneer,2,147
695,2023,"Irbad Chowdhury, DMD",02920,Recement Crown,14,138
696,2023,"Irbad Chowdhury, DMD",02921,Recement Crown-temp,14,0
697,2023,"Irbad Chowdhury, DMD",02940,sedative filling,7,912
698,2023,"Irbad Chowdhury, DMD",02950,Core Build-up,18,4657
699,2023,"Irbad Chowdhury, DMD",03221,Pulpal Debridement,24,250
700,2023,"Irbad Chowdhury, DMD",03310,Root Canal-Anterior,1,980
701,2023,"Irbad Chowdhury, DMD",03320,Root Canal-pre molar,2,2174
702,2023,"Irbad Chowdhury, DMD",03330,Root Canal-molar,2,2758
703,2023,"Irbad Chowdhury, DMD",0460,pulp vitality tests,7,225
704,2023,"Irbad Chowdhury, DMD",0470,Study models- Diagnostic Casts,2,199
705,2023,"Irbad Chowdhury, DMD",05130,Denture-immediate upr ;,1,2293
706,2023,"Irbad Chowdhury, DMD",05213,Partial metal w/ acrylic Upper,1,0
707,2023,"Irbad Chowdhury, DMD",05214,Partial metal w/ acrylic Lower,1,2056
708,2023,"Irbad Chowdhury, DMD",05225,Partial Upper flexible base,1,2589
709,2023,"Irbad Chowdhury, DMD",05226,Partial lower flexible base,1,2189
710,2023,"Irbad Chowdhury, DMD",05228,Treatment partial mand flexible base,1,430
711,2023,"Irbad Chowdhury, DMD",05410,Adj comp! upper dentur,2,104
712,2023,"Irbad Chowdhury, DMD",05740,Reline upper partial denture-chairside,1,0
713,2023,"Irbad Chowdhury, DMD",05820,treatment partial upper,1,361
714,2023,"Irbad Chowdhury, DMD",05986,Fluoride gel trays,1,0
715,2023,"Irbad Chowdhury, DMD",06011,Implant- place healing cap (stage 2 sx),1,0
716,2023,"Irbad Chowdhury, DMD",06057,Implant abutment custom fabricated,10,6960
717,2023,"Irbad Chowdhury, DMD",06058,. Implant crown- Porcelain,11,17776
718,2023,"Irbad Chowdhury, DMD",06091,Implant- Replac. attachment,2,100
719,2023,"Irbad Chowdhury, DMD",06197,Implant close access hole screw retained,4,0
720,2023,"Irbad Chowdhury, DMD",06245,Pontic- porcelain/ceramic,2,3004
721,2023,"Irbad Chowdhury, DMD",06740,"Abutment- porcelain/ceramic Cig e,",3,4506
722,2023,"Irbad Chowdhury, DMD",07210,Extraction-Surgical,24,8571
723,2023,"Irbad Chowdhury, DMD",07220,Extract impacted tooth soft tissue,2,0
724,2023,"Irbad Chowdhury, DMD",07465,Laser-destruction of lesion,4,74
725,2023,"Irbad Chowdhury, DMD",07953,Bone Graft w/ Extract,15,8006
726,2023,"Irbad Chowdhury, DMD",08040,Ortho-Limited Ortho Trmt-Adult,2,5500
727,2023,"Irbad Chowdhury, DMD",08090,Ortho-Comprehensive Ortho Trmt-Adult,2,9500
728,2023,"Irbad Chowdhury, DMD",08680,"Ortho Retainer, removal or placement of",26,4832
729,2023,"Irbad Chowdhury, DMD",08697,Ortho repair ortho appliance mand,1,0
730,2023,"Irbad Chowdhury, DMD",08698,Ortho recem/rebon fix retain max,2,0
731,2023,"Irbad Chowdhury, DMD",08699,Ortho recem/rebon fix retain mand,2,100
732,2023,"Irbad Chowdhury, DMD",08704,Ortho retainer replace lost/broke mand,1,0
733,2023,"Irbad Chowdhury, DMD",08999,Ortho-unspecified,6,0
734,2023,"Irbad Chowdhury, DMD",09120,Section bridge,3,324
735,2023,"Irbad Chowdhury, DMD",09210,Oraqix- local anesthesia w/out sx,2,24
736,2023,"Irbad Chowdhury, DMD",09310,Consult,17,0
737,2023,"Irbad Chowdhury, DMD",09430,"Office Visit Vere Me ,",1,0
738,2023,"Irbad Chowdhury, DMD",09440,Office Visit After-hrs -,4,191
739,2023,"Irbad Chowdhury, DMD",09930,Dry socket or other post surg. tx,3,0
740,2023,"Irbad Chowdhury, DMD",09940,"Occl Grd, by report",2,1386
741,2023,"Irbad Chowdhury, DMD",09944,"Occl guard- hard, full arch",36,24495
742,2023,"Irbad Chowdhury, DMD",09971,Enameloplasty,1,0
743,2023,"Irbad Chowdhury, DMD",09972,Whitening- in office ext per arch,9,1600
744,2023,"Irbad Chowdhury, DMD",09975,"Whitening- at home, external per arch",1,200
745,2023,"Irbad Chowdhury, DMD",09990,Misc. Service,1,400
746,2023,"Irbad Chowdhury, DMD",OADJN,Adjust Nightguard,21,0
747,2023,"Irbad Chowdhury, DMD",OIMP2,Impression - For Crown,9,0
748,2023,"Irbad Chowdhury, DMD",OIMPB,Impression for Bridge,1,0
749,2023,"Irbad Chowdhury, DMD",OIMPN,- Impression for Night G,1,0
750,2023,"Irbad Chowdhury, DMD",OIMPO,ortho- models imp.,7,0
751,2023,"Irbad Chowdhury, DMD",OPTRY,Try in of partial framework,1,0
752,2023,"Irbad Chowdhury, DMD",OTRYB,Try in of denture,1,0
753,2023,"Irbad Chowdhury, DMD",2331C,Resin-two surface anterior-Primary :,2,288
754,2023,"Irbad Chowdhury, DMD",2391C,Resin based comp-1 surf post-Primary,4,488
755,2023,"Irbad Chowdhury, DMD",2392C,Resin based comp-2 surf post-Primary,15,1950
756,2023,"Irbad Chowdhury, DMD",2393C,Resin based comp-3 surf post-Primary,1,168
757,2023,"Irbad Chowdhury, DMD",7140C,Extraction-Simple-Child,16,1260
758,2023,"Irbad Chowdhury, DMD",ADJB,Adjust Bite,20,0
759,2023,"Irbad Chowdhury, DMD",ADJD,Adjust denture upper,1,0
760,2023,"Irbad Chowdhury, DMD",ADJOR,Adj ortho appl,2,0
761,2023,"Irbad Chowdhury, DMD",BOTCO,BOTOX consultation,46,0
762,2023,"Irbad Chowdhury, DMD",BOTOX,Botox- per unit,50,24192
763,2023,"Irbad Chowdhury, DMD",BOTPO,Botox Post Op,9,0
764,2023,"Irbad Chowdhury, DMD",CEMO,Cement Onlay/Inlay,2,0
765,2023,"Irbad Chowdhury, DMD",CMNTB,"Cement Bridge """,2,0
766,2023,"Irbad Chowdhury, DMD",CMNTC,Cement Crown,66,0
767,2023,"Irbad Chowdhury, DMD",CMTCI,.. Cement crown- implant,9,0
768,2023,"Irbad Chowdhury, DMD",ENDO,Root canal- continuation,1,0
769,2023,"Irbad Chowdhury, DMD",FLUOR,Fluoridex 40z,3,24
770,2023,"Irbad Chowdhury, DMD",IMPTR,Impression for FL2/Whitening Trays,1,0
771,2023,"Irbad Chowdhury, DMD",INCON,ortho- consult,10,0
772,2023,"Irbad Chowdhury, DMD",INRET,insert retainer,10,0
773,2023,"Irbad Chowdhury, DMD",INSEN,insert nightguard,40,0
774,2023,"Irbad Chowdhury, DMD",INSER,insert Denture Max,2,0
775,2023,"Irbad Chowdhury, DMD",INSTR,Insert trays,2,0
776,2023,"Irbad Chowdhury, DMD",INSTU,Insert treatment upper partial,4,0
777,2023,"Irbad Chowdhury, DMD",INVDR,Ortho- Refinement Deliver,7,0
778,2023,"Irbad Chowdhury, DMD",INVIS,ortho- aligner initial delivery,7,0
779,2023,"Irbad Chowdhury, DMD",IOCAM,Intra Oral Camera- photographic images,24,0
780,2023,"Irbad Chowdhury, DMD",LASO1,Laser- miscellaneous service,6,111
781,2023,"Irbad Chowdhury, DMD",LASER,: Laser- perio pocket,1,0
782,2023,"Irbad Chowdhury, DMD",ocs,Oral Cancer Screening/Tissue Exam,775,0
783,2023,"Irbad Chowdhury, DMD",OIMPF,Ortho-Final Impression,3,4500
784,2023,"Irbad Chowdhury, DMD",OTRYC,Try of crown,10,0
785,2023,"Irbad Chowdhury, DMD",OTRYP,Try in Partial,3,0
786,2023,"Irbad Chowdhury, DMD",PHOTO,photos,10,0
787,2023,"Irbad Chowdhury, DMD",POLIS,Polish/Smooth,61,0
788,2023,"Irbad Chowdhury, DMD",POSTO,Post-Op,38,0
789,2023,"Irbad Chowdhury, DMD",SONIC,Sonicare Unit,1,0
790,2023,"Irbad Chowdhury, DMD",SUTUR,Suture Removal,10,0
791,2023,"Irbad Chowdhury, DMD",TEMP,Temp Filling,4,0
792,2023,"Irbad Chowdhury, DMD",WHITI,Whitening- deliver trays,9,0
793,2023,"Irbad Chowdhury, DMD",WHITT,Whitening-impression for white trays,7,0
794,2023,"Michele Chiafulio-Zasada, RDH",00210,Intra Complete Series,22,2924
795,2023,"Michele Chiafulio-Zasada, RDH",00220,Intra Periapical-sing,1,38
796,2023,"Michele Chiafulio-Zasada, RDH",Current,Dental Terminology (CDT) © American Dental Association (ADA). All rights reserved. Page 8 of,9,7
797,2023,"Michele Chiafulio-Zasada, RDH",00230,Intra Periapical-addtl,3,99
798,2023,"Michele Chiafulio-Zasada, RDH",00272,Bitewings 2,6,300
799,2023,"Michele Chiafulio-Zasada, RDH",00274,Bitewings 4,57,3487
800,2023,"Michele Chiafulio-Zasada, RDH",00330,Panoramic,5,620
801,2023,"Michele Chiafulio-Zasada, RDH",01110,Prophylaxis-adult,135,12150
802,2023,"Michele Chiafulio-Zasada, RDH",01120,Prophylaxis-child,16,1156
803,2023,"Michele Chiafulio-Zasada, RDH",01206,"Fluoride- varnish rug, Ge. tty",17,731
804,2023,"Michele Chiafulio-Zasada, RDH",01208,Fluoride- topical application,1,43
805,2023,"Michele Chiafulio-Zasada, RDH",01330,oral hygiene instructions,154,0
806,2023,"Michele Chiafulio-Zasada, RDH",01351,Sealant,7,455
807,2023,"Michele Chiafulio-Zasada, RDH",04341,Scale & root planing/quad-Type IIB,8,2752
808,2023,"Michele Chiafulio-Zasada, RDH",04355,Full Mouth Debridement,2,478
809,2023,"Michele Chiafulio-Zasada, RDH",04910,Periodontal Maintenance,17,2844
810,2023,"Michele Chiafulio-Zasada, RDH",04921,Irrigation of ging. pockets w/medication,8,0
811,2023,"Michele Chiafulio-Zasada, RDH",09210,Oraqix- local anesthesia w/out sx 2a,3,36
812,2023,"Michele Chiafulio-Zasada, RDH",00120,© Periodic Oral Exam,29,1479
813,2023,"Michele Chiafulio-Zasada, RDH",00140,Limited Oral Evaluation/Emer,4,396
814,2023,"Michele Chiafulio-Zasada, RDH",00150,Comprehensive Oral Exa,2,213
815,2023,"Michele Chiafulio-Zasada, RDH",00220,Intra Periapical-sing,40,302
816,2023,"Michele Chiafulio-Zasada, RDH",00230,Intra Periapical-addtl,2,66
817,2023,"Michele Chiafulio-Zasada, RDH",0120C,Periodic Oral Exam-Child,5,232
818,2023,"Michele Chiafulio-Zasada, RDH",0140N,Limited/EM exam- no charge,6,0
819,2023,"Michele Chiafulio-Zasada, RDH",02330,"Resin-one surf anterior spite, :",1,208
820,2023,"Michele Chiafulio-Zasada, RDH",02335,Resin-four+surface -anterior,3,1153
821,2023,"Michele Chiafulio-Zasada, RDH",02391,Resin-based composite - 1 surf posterior,3,674
822,2023,"Michele Chiafulio-Zasada, RDH",02392,Resin based comp - 2 surf posterior,7,2042
823,2023,"Michele Chiafulio-Zasada, RDH",02393,Resin based comp - 3 surf posterior,4,1387
824,2023,"Michele Chiafulio-Zasada, RDH",02740,Crown-Porcelain,1,1458
825,2023,"Michele Chiafulio-Zasada, RDH",02790,Crown-Gold(full cast),2,3354
826,2023,"Michele Chiafulio-Zasada, RDH",02950,Core Build-up,2,708
827,2023,"Michele Chiafulio-Zasada, RDH",05820,treatment partial upper :,1,361
828,2023,"Michele Chiafulio-Zasada, RDH",07140,"Extraction,erupted tooth or exposed root Ja, ""3",4,928
829,2023,"Michele Chiafulio-Zasada, RDH",08680,"Ortho Retainer, removal or placement of",2,150
830,2023,"Michele Chiafulio-Zasada, RDH",BOTOX,Botox- per unit,1,0
831,2023,"Michele Chiafulio-Zasada, RDH",CMNTC,Cement Crown,1,0
832,2023,"Michele Chiafulio-Zasada, RDH",IOCAM,Intra Oral Camera- photographic images,4,0
833,2023,"Michele Chiafulio-Zasada, RDH",ocs,Oral Cancer Screening/Tissue Exam,27,0
834,2023,"Michele Chiafulio-Zasada, RDH",POLIS,Polish/Smooth,1,0
835,2023,"Michele Chiafulio-Zasada, RDH",TEMP,Temp Filling,1,0
836,2023,"Michele Chiafulio-Zasada, RDH",WHITI,Whitening- deliver trays,1,0
837,2024,"Harvey Seybold, DDS",00001,NO SHOW APPT ;,3,150
838,2024,"Harvey Seybold, DDS",00120,Periodic Oral Exam,1054,61750
839,2024,"Harvey Seybold, DDS",00140,Limited Oral Evaluation/Emer,74,7022
840,2024,"Harvey Seybold, DDS",00150,Comprehensive Oral Exa,54,6580
841,2024,"Harvey Seybold, DDS",00170,Re evaluation,15,0
842,2024,"Harvey Seybold, DDS",00191,Exam- assessment of a patient,10,0
843,2024,"Harvey Seybold, DDS",00210,Intra Complete Series,1,170
844,2024,"Harvey Seybold, DDS",00220,Intra Periapical-sing,166,4449.75
845,2024,"Harvey Seybold, DDS",00230,Intra Periapical-adadtl,24,597.5
846,2024,"Harvey Seybold, DDS",00270,Bitewing 1,6,163
847,2024,"Harvey Seybold, DDS",00274,Bitewings 4,4,284
848,2024,"Harvey Seybold, DDS",01110,Prophylaxis-adult,16,1920
849,2024,"Harvey Seybold, DDS",01120,Prophylaxis-child,2,178
850,2024,"Harvey Seybold, DDS",01206,Fluoride- varnish,1,55
851,2024,"Harvey Seybold, DDS",0120C,Periodic Oral Exam-Child Hoes,78,4002
852,2024,"Harvey Seybold, DDS",01330,oral hygiene instructions,20,0
853,2024,"Harvey Seybold, DDS",01351,2 Sealant,2,150
854,2024,"Harvey Seybold, DDS",0140,Limited oral evaluation,3,168
855,2024,"Harvey Seybold, DDS",0140C,Limited Oral Evaluation/Emer-Child,8,534
856,2024,"Harvey Seybold, DDS",0140N,Limited/EM exam- no charge,129,0
857,2024,"Harvey Seybold, DDS",0150C,Comprehensive Oral Exam-Child,8,736
858,2024,"Harvey Seybold, DDS",02330,Resin-one surf anterior,40,6113
859,2024,"Harvey Seybold, DDS",02331,Resin-two surf anterior,84,17487
860,2024,"Harvey Seybold, DDS",02332,Resin-three surf anterior,25,7319
861,2024,"Harvey Seybold, DDS",02335,Resin-four+surface -anterior,24,6670
862,2024,"Harvey Seybold, DDS",02391,Resin-based composite - 1 surf posterior,143,33699
863,2024,"Harvey Seybold, DDS",02392,Resin based comp - 2 surf posterior,115,33385
864,2024,"Harvey Seybold, DDS",02393,Resin based comp - 3 surf posterior,36,13850
865,2024,"Harvey Seybold, DDS",02394,"Resin-based comp -4 + surf,posterior",3,1373
866,2024,"Harvey Seybold, DDS",0270N,Bitewing 1 no charge,4,0
867,2024,"Harvey Seybold, DDS",02740,Crown-Porcelain,72,103880
868,2024,"Harvey Seybold, DDS",02790,Crown-Gold(full cast),1,244
869,2024,"Harvey Seybold, DDS",02799,Temp Crown ( Provisional) ni ;,1,658
870,2024,"Harvey Seybold, DDS",02910,Recement Inlay/onlay/veneer,2,147
871,2024,"Harvey Seybold, DDS",02920,-: Recement Crown,24,1896
872,2024,"Harvey Seybold, DDS",02921,Recement Crown-temp,10,0
873,2024,"Harvey Seybold, DDS",02940,sedative filling,16,1632
874,2024,"Harvey Seybold, DDS",02950,Core Build-up,21,5436
875,2024,"Harvey Seybold, DDS",02952,post and core indirectly fabricated,1,0
876,2024,"Harvey Seybold, DDS",0470,Study models- Diagnostic Casts,1,0
877,2024,"Harvey Seybold, DDS",05120,Denture-complete lower,1,2655
878,2024,"Harvey Seybold, DDS",05140,Denture-Immediate Iwr,1,2844
879,2024,"Harvey Seybold, DDS",05214,Partial metal w/ acrylic Lower,22,5400
880,2024,"Harvey Seybold, DDS",05421,Adj part dent-upper,3,45
881,2024,"Harvey Seybold, DDS",05422,Adj part dent-lower,2,0
882,2024,"Harvey Seybold, DDS",05511,Repair broken complete /F base,4,245
883,2024,"Harvey Seybold, DDS",05612,Repair P/ resin base,1,300
884,2024,"Harvey Seybold, DDS",05621,Repair /P framework,1,0
885,2024,"Harvey Seybold, DDS",05640,Repl/repair Brkn Tth on Partial,2,420
886,2024,"Harvey Seybold, DDS",05650,Add Tooth to Denture/Partial ;,4,756
887,2024,"Harvey Seybold, DDS",05730,Reline Upper Denture-chairside,2,0
888,2024,"Harvey Seybold, DDS",05731,Reline lower denture-chairside,2,402
889,2024,"Harvey Seybold, DDS",05740,Reline upper partial denture-chairside,1,0
890,2024,"Harvey Seybold, DDS",05750,Reline Upper Denture-lab,1,0
891,2024,"Harvey Seybold, DDS",05820,treatment partial upper,1,450
892,2024,"Harvey Seybold, DDS",05821,treatment partial lower,1,500
893,2024,"Harvey Seybold, DDS",06057,* Implant-custom fabricated abutment,20,21386
894,2024,"Harvey Seybold, DDS",06058,Implant crown- Porcelain,25,37216
895,2024,"Harvey Seybold, DDS",06085,Implant- provisional(temp) implant crown,1,0
896,2024,"Harvey Seybold, DDS",06089,Accessing&retorq.impl screw,1,0
897,2024,"Harvey Seybold, DDS",06090,Implant-Repair Supported Prosthesis,1,180
898,2024,"Harvey Seybold, DDS",06095,Implant- Repair Abutment,2,0
899,2024,"Harvey Seybold, DDS",06191,Implant semi precision abutment- locator,1,50
900,2024,"Harvey Seybold, DDS",06192,Implant semi precision male attachment,2,100
901,2024,"Harvey Seybold, DDS",06197,Implant close access hole screw retained,6,0
902,2024,"Harvey Seybold, DDS",06245,Pontic- porcelain/ceramic eee er,8,7505
903,2024,"Harvey Seybold, DDS",06740,Abutment- porcelain/ceramic,9,11285
904,2024,"Harvey Seybold, DDS",06930,... recement brdg,2,528
905,2024,"Harvey Seybold, DDS",07140,"Extraction,erupted tooth or exposed root",3,716
906,2024,"Harvey Seybold, DDS",07210,Extraction-Surgical,1,364
907,2024,"Harvey Seybold, DDS",07270,Reimplant Evulsed Tooth,1,200
908,2024,"Harvey Seybold, DDS",07465,Laser-destruction of lesion,13,311
909,2024,"Harvey Seybold, DDS",07880,JRE TMD- Occ Orthotic,1,0
910,2024,"Harvey Seybold, DDS",07953,Bone Graft w/ Extract,1,0
911,2024,"Harvey Seybold, DDS",08040,Ortho-Limited Ortho Trmt-Adult,4,9350
912,2024,"Harvey Seybold, DDS",08080,Ortho-Comprehensive Ortho Trmt-Child,1,3000
913,2024,"Harvey Seybold, DDS",08090,Ortho-Comprehensive Ortho Trmt-Adult,1,6000
914,2024,"Harvey Seybold, DDS",08680,"Ortho Retainer, removal or placement of",19,1475
915,2024,"Harvey Seybold, DDS",08695,Ortho-remove R/R other than tx completed,1,100
916,2024,"Harvey Seybold, DDS",08698,Ortho recem/rebon fix retain max,1,90
917,2024,"Harvey Seybold, DDS",08699,Ortho recem/rebon fix retain mand,3,750
918,2024,"Harvey Seybold, DDS",08999,Ortho-unspecified,2,120
919,2024,"Harvey Seybold, DDS",09310,Consult,8,0
920,2024,"Harvey Seybold, DDS",09430,Office Visit,2,0
921,2024,"Harvey Seybold, DDS",09910,Desens. med/ FL2 per visit,2,0
922,2024,"Harvey Seybold, DDS",09932,Denture- clean & inspect F/,1,140
923,2024,"Harvey Seybold, DDS",09944,"Occl guard- hard, full arch",27,16221.5
924,2024,"Harvey Seybold, DDS",09947,Sleep apnea appliance fabrication,9,4416
925,2024,"Harvey Seybold, DDS",09948,Sleep apnea appliance adjustment,1,0
926,2024,"Harvey Seybold, DDS",09971,Enameloplasty,2,30
927,2024,"Harvey Seybold, DDS",09972,Whitening- in office ext per arch,14,3244
928,2024,"Harvey Seybold, DDS",OADJB,Adjust Bridge,2,0
929,2024,"Harvey Seybold, DDS",OADJN,Adjust Nightguard,64,0
930,2024,"Harvey Seybold, DDS",OIMP2,Impression - For Crown,2,0
931,2024,"Harvey Seybold, DDS",OIMPB,Impression for Bridge,4,0
932,2024,"Harvey Seybold, DDS",OIMPD,Impression for Denture,1,600
933,2024,"Harvey Seybold, DDS",OIMPN,Impression for Night G,4,0
934,2024,"Harvey Seybold, DDS",OIMPO,ortho- models imp.,5,0
935,2024,"Harvey Seybold, DDS",OIMPP,Impression for Partial,4,0
936,2024,"Harvey Seybold, DDS",OPTRY,Try in of partial framework,3,0
937,2024,"Harvey Seybold, DDS",OTRYB,Try in of denture,5,0
938,2024,"Harvey Seybold, DDS",2330C,Resin-one surface anterior- Primary,1,208
939,2024,"Harvey Seybold, DDS",2331C,Resin-two surface anterior-Primary,2,0
940,2024,"Harvey Seybold, DDS",2335C,Resin-four + surface anterior-Primary,1,388
941,2024,"Harvey Seybold, DDS",2391C,Resin based comp-1 surf post-Primary,2,454
942,2024,"Harvey Seybold, DDS",4211L,Laser- gingivectomy,12,1200
943,2024,"Harvey Seybold, DDS",7140C,Extraction-Simple-Child,2,84
944,2024,"Harvey Seybold, DDS",7961L,Frenectomy laser buccal,1,493
945,2024,"Harvey Seybold, DDS",ADJAP,Adjust appliance,6,0
946,2024,"Harvey Seybold, DDS",ADJB,Adjust Bite,22,0
947,2024,"Harvey Seybold, DDS",ADJD,Adjust denture upper,10,0
948,2024,"Harvey Seybold, DDS",ADJF,Adjust treatment partial lower,1,0
949,2024,"Harvey Seybold, DDS",ADJFL,Adjust treatment partial upper,3,0
950,2024,"Harvey Seybold, DDS",ADJJR,JRE re eval rae re,1,0
951,2024,"Harvey Seybold, DDS",ADJOR,Adj ortho appl,2,0
952,2024,"Harvey Seybold, DDS",ADJP,... Adjust Partial Denture Upper,8,0
953,2024,"Harvey Seybold, DDS",ADJSL,Adjust sleep appliance/snore guard,7,0
954,2024,"Harvey Seybold, DDS",BOTCO,BOTOX consultation,2,0
955,2024,"Harvey Seybold, DDS",BOTOX,Botox- per unit,1,12
956,2024,"Harvey Seybold, DDS",CEMBI,Cement bridge- implant,2,1020
957,2024,"Harvey Seybold, DDS",CMNTB,Cement Bridge,6,0
958,2024,"Harvey Seybold, DDS",CMNTC,Cement Crown,72,0
959,2024,"Harvey Seybold, DDS",CMTCI,Cement crown- implant,17,500
960,2024,"Harvey Seybold, DDS",FLUOR,Fluoridex 40z,31,720
961,2024,"Harvey Seybold, DDS",IMPRP,Impression Photos,1,0
962,2024,"Harvey Seybold, DDS",INCON,ortho- consult,6,0
963,2024,"Harvey Seybold, DDS",INRET,insert retainer,11,0
964,2024,"Harvey Seybold, DDS",INSEN,insert nightguard,27,0
965,2024,"Harvey Seybold, DDS",INSER,insert Denture Max,4,0
966,2024,"Harvey Seybold, DDS",INSSG,Insert- sleep apnea guard,6,0
967,2024,"Harvey Seybold, DDS",INSTR,- Insert trays,5,0
968,2024,"Harvey Seybold, DDS",INVDR,Ortho- Refinement Deliver,3,0
969,2024,"Harvey Seybold, DDS",INVIS,ortho- aligner initial delivery,4,0
970,2024,"Harvey Seybold, DDS",IOCAM,Intra Oral Camera- photographic images,32,0
971,2024,"Harvey Seybold, DDS",LASO1,Laser- miscellaneous service,3,0
972,2024,"Harvey Seybold, DDS",ocs,Oral Cancer Screening/Tissue Exam,1079,0
973,2024,"Harvey Seybold, DDS",OIMPF,Ortho-Final Impression,3,0
974,2024,"Harvey Seybold, DDS",ORACA,ORACARE Rinse (2) 16 oz each,2,66
975,2024,"Harvey Seybold, DDS",OTRYC,Try of crown,5,0
976,2024,"Harvey Seybold, DDS",OTRYP,Try in Partial,3,0
977,2024,"Harvey Seybold, DDS",PHOTO,photos,7,0
978,2024,"Harvey Seybold, DDS",POLIS,Polish/Smooth,42,0
979,2024,"Harvey Seybold, DDS",POSTO,Post-Op,30,0
980,2024,"Harvey Seybold, DDS",REC,Records & Xrays copied,1,20
981,2024,"Harvey Seybold, DDS",RECTB,Recement temp bridge,4,0
982,2024,"Harvey Seybold, DDS",SONIC,Sonicare Unit,2,0
983,2024,"Harvey Seybold, DDS",TEMP,Temp Filling,12,200
984,2024,"Harvey Seybold, DDS",TEMPB,Temp Bridge,1,0
985,2024,"Harvey Seybold, DDS",TMDT,JRE therapy,1,70
986,2024,"Harvey Seybold, DDS",TREAT,Treatment P/P-clear removable,1,300
987,2024,"Harvey Seybold, DDS",WATCH,WATCH,1,0
988,2024,"Harvey Seybold, DDS",WHITI,Whitening- deliver trays,1,0
989,2024,"Harvey Seybold, DDS",WHITS,Whitening-3 pk syringe Nitewhite/Daywhit,21,644
990,2024,"Harvey Seybold, DDS",WHITT,Whitening-impression for white trays,12,0
991,2024,"Harvey Seybold, DDS",Harvey,"Seybold, DDS '‘s Total:",4265,470866.75
992,2024,"Harvey Seybold, DDS",00120,Periodic Oral Exam,3,171
993,2024,"Harvey Seybold, DDS",00150,Comprehensive Oral Exa,1,125
994,2024,"Harvey Seybold, DDS",00191,Exam- assessment of a patient ce nile aes,1,0
995,2024,"Harvey Seybold, DDS",00210,Intra Complete Series,32,4964
996,2024,"Harvey Seybold, DDS",00272,Bitewings 2,16,870
997,2024,"Harvey Seybold, DDS",00274,Bitewings 4,126,8425
998,2024,"Harvey Seybold, DDS",00330,- Panoramic,11,1552
999,2024,"Harvey Seybold, DDS",01110,Prophylaxis-adult,281,30079
1000,2024,"Harvey Seybold, DDS",01120,Prophylaxis-child,43,3574
1001,2024,"Harvey Seybold, DDS",01206,Fluoride- varnish,43,2161
1002,2024,"Harvey Seybold, DDS",01330,oral hygiene instructions,329,0
1003,2024,"Harvey Seybold, DDS",01351,Sealant,4,260
1004,2024,"Harvey Seybold, DDS",04341,Scale & root planing/quad-Type IIB,6,2128
1005,2024,"Harvey Seybold, DDS",04346,Gingival Inflammation Scaling,8,1484
1006,2024,"Harvey Seybold, DDS",04355,Full Mouth Debridement,3,729
1007,2024,"Harvey Seybold, DDS",04910,"Periodontal Maintenance ig, i ,",26,4563
1008,2024,"Harvey Seybold, DDS",04921,Irrigation of ging. pockets w/medication,10,0
1009,2024,"Harvey Seybold, DDS",09310,Consult,1,0
1010,2024,"Harvey Seybold, DDS",34341,Scaling & root planing/quad-Type III,4,1432
1011,2024,"Harvey Seybold, DDS",CAESY,Caesy,1,0
1012,2024,Emily Hawkins RDH,00120,Periodic Oral Exam,3,180
1013,2024,Emily Hawkins RDH,00210,Intra Complete Series,59,9418
1014,2024,Emily Hawkins RDH,00220,Intra Periapical-sing,17,484
1015,2024,Emily Hawkins RDH,00230,Intra Periapical-adadtl,7,178
1016,2024,Emily Hawkins RDH,00270,Bitewing 1,1,42
1017,2024,Emily Hawkins RDH,00272,Bitewings 2,42,2544
1018,2024,Emily Hawkins RDH,00274,Bitewings 4,403,27822
1019,2024,Emily Hawkins RDH,00330,Panoramic,43,7024
1020,2024,Emily Hawkins RDH,01110,Prophylaxis-adult,1014,116701
1021,2024,Emily Hawkins RDH,01120,Prophylaxis-child :,112,9816
1022,2024,Emily Hawkins RDH,01206,Fluoride- varnish,84,4122
1023,2024,Emily Hawkins RDH,01208,Fluoride- topical application,42,2135
1024,2024,Emily Hawkins RDH,01330,oral hygiene instructions,1125,0
1025,2024,Emily Hawkins RDH,01351,Sealant,35,2475
1026,2024,Emily Hawkins RDH,04341,Scale & root planing/quad-Type IIB,10,3536
1027,2024,Emily Hawkins RDH,04346,Gingival Inflammation Scaling,5,903
1028,2024,Emily Hawkins RDH,04355,Full Mouth Debridement,8,1948
1029,2024,Emily Hawkins RDH,04910,Periodontal Maintenance,70,12659
1030,2024,Emily Hawkins RDH,04921,Irrigation of ging. pockets w/medication,10,0
1031,2024,Emily Hawkins RDH,FLUOR,Fluoridex 40z,2,48
1032,2024,Emily Hawkins RDH,1OCAM,Intra Oral Camera- photographic images,19,0
1033,2024,Emily Hawkins RDH,ocs,Oral Cancer Screening/Tissue Exam,6,0
1034,2024,Farah Rahman RDH,00210,Intra Complete Series ate :,4,680
1035,2024,Farah Rahman RDH,00220,Intra Periapical-sing,1,40
1036,2024,Farah Rahman RDH,00272,Bitewings 2,3,186
1037,2024,Farah Rahman RDH,00274,Bitewings 4,40,2810
1038,2024,Farah Rahman RDH,00330,Panoramic te,6,1026
1039,2024,Farah Rahman RDH,01110,Prophylaxis-adult,90,10680
1040,2024,Farah Rahman RDH,01120,Prophylaxis-child,14,1246
1041,2024,Farah Rahman RDH,01206,Fluoride- varnish,13,715
1042,2024,Farah Rahman RDH,01330,oral hygiene instructions,103,0
1043,2024,Farah Rahman RDH,01351,Sealant,4,300
1044,2024,Farah Rahman RDH,04910,Periodontal Maintenance,5,920
1045,2024,Farah Rahman RDH,IOCAM,Intra Oral Camera- photographic images ',2,0
1046,2024,Farah Rahman RDH,ocs,Oral Cancer Screening/Tissue Exam,1,0
1047,2024,Hyg Hyg,00140,Limited Oral Evaluation/Emer,60,5463
1048,2024,Hyg Hyg,00150,Comprehensive Oral Exa re ; i,65,7751
1049,2024,Hyg Hyg,00170,Re evaluation,19,0
1050,2024,Hyg Hyg,00191,Exam- assessment of a patient,6,0
1051,2024,Hyg Hyg,00220,Intra Periapical-sing,117,3678
1052,2024,Hyg Hyg,00230,Intra Periapical-addtl :,26,674
1053,2024,Hyg Hyg,00270,Bitewing 1,5,200
1054,2024,Hyg Hyg,00272,»: Bitewings 2,4,124
1055,2024,Hyg Hyg,00274,Bitewings 4,18,1187
1056,2024,Hyg Hyg,00330,Panoramic,2,295
1057,2024,Hyg Hyg,01110,Prophylaxis-adult,34,3960
1058,2024,Hyg Hyg,01120,Prophylaxis-child,18,1584
1059,2024,Hyg Hyg,01206,Fluoride- varnish,21,1143
1060,2024,Hyg Hyg,01208,Fluoride- topical application,1,55
1061,2024,Hyg Hyg,0120C,Periodic Oral Exam-Child Hyg Ree Poa,127,6436
1062,2024,Hyg Hyg,01330,oral hygiene instructions,57,0
1063,2024,Hyg Hyg,0140N,Limited/EM exam- no charge BG,58,0
1064,2024,Hyg Hyg,0150C,Comprehensive Oral Exam-Child,17,1630
1065,2024,Hyg Hyg,02330,Resin-one surf anterior . ‘,29,5771
1066,2024,Hyg Hyg,02331,Resin-two surf anterior,35,10027.4
1067,2024,Hyg Hyg,02332,Resin-three surf anterior,29,8526
1068,2024,Hyg Hyg,02335,Resin-four+surface -anterior,19,6678
1069,2024,Hyg Hyg,02391,Resin-based composite - 1 surf posterior,104,25285
1070,2024,Hyg Hyg,02392,Resin based comp - 2 surf posterior,158,48938
1071,2024,Hyg Hyg,02393,Resin based comp - 3 surf posterior,43,17190
1072,2024,Hyg Hyg,02643,Onlay porcelain/ceramic 3 surfaces,2,2708
1073,2024,Hyg Hyg,02644,Onlay porcelain/ceramic 4+ surfaces,1,1605
1074,2024,Hyg Hyg,0270N,Bitewing 1 no charge,4,0
1075,2024,Hyg Hyg,02740,Crown-Porcelain,43,64230
1076,2024,Hyg Hyg,02790,Crown-Gold(full cast),1,1898
1077,2024,Hyg Hyg,02799,Temp Crown ( Provisional),3,1974
1078,2024,Hyg Hyg,02920,Recement Crown,2,315
1079,2024,Hyg Hyg,02921,Recement Crown-temp,5,0
1080,2024,Hyg Hyg,02940,sedative filling,7,995
1081,2024,Hyg Hyg,02950,Core Build-up,19,7436
1082,2024,Hyg Hyg,02960,Veneer (resin laminate)-chairside,3,987
1083,2024,Hyg Hyg,02962,Veneer (porcelain laminate)-lab gros,1,1721
1084,2024,Hyg Hyg,03310,Root Canal-Anterior,4,3315
1085,2024,Hyg Hyg,03320,»:< Root Canal-pre molar ott,3,3505
1086,2024,Hyg Hyg,03330,Root Canal-molar,2,1541
1087,2024,Hyg Hyg,04211,Gingivectomy- 1-3 teeth per quad,2,784
1088,2024,Hyg Hyg,04910,Periodontal Maintenance,1,184
1089,2024,Hyg Hyg,05213,Partial metal w/ acrylic Upper,2,2912
1090,2024,Hyg Hyg,05214,Partial metal w/ acrylic Lower,2,2445
1091,2024,Hyg Hyg,05221,"Partial- Immediate P/, resin base",1,2219
1092,2024,Hyg Hyg,05222,"Partial- Immediate /P, resin base",2,4514
1093,2024,Hyg Hyg,05284,Partial unilat partial flex base qu,1,225
1094,2024,Hyg Hyg,05820,treatment partial upper,1,0
1095,2024,Hyg Hyg,06057,Implant abutment custom fabricated,4,4533
1096,2024,Hyg Hyg,06058,Implant crown- Porcelain,6,7505
1097,2024,Hyg Hyg,06080,Implant Maint-remove and clean pros.,1,201
1098,2024,Hyg Hyg,06089,Accessing&retorq.impl screw,41,0
1099,2024,Hyg Hyg,06092,. Implant- Recement implant/abut crown,1,355
1100,2024,Hyg Hyg,06112,Implant-abut supp removable P/,1,4858
1101,2024,Hyg Hyg,06245,"Pontic- porcelain/ceramic ,",4,5123
1102,2024,Hyg Hyg,06930,recement brdg,7,1056
1103,2024,Hyg Hyg,07140,"Extraction,erupted tooth or exposed root",12,3422
1104,2024,Hyg Hyg,07210,Extraction-Surgical,15,5882
1105,2024,Hyg Hyg,07465,Laser-destruction of lesion,1,40
1106,2024,Hyg Hyg,07953,Bone Graft w/ Extract,11,6873
1107,2024,Hyg Hyg,07961,Frenectomy buccal labial,1,685
1108,2024,Hyg Hyg,07962,Frenectomy lingual,1,685
1109,2024,Hyg Hyg,08680,"Ortho Retainer, removal or placement of",21,3983
1110,2024,Hyg Hyg,08698,Ortho recem/rebon fix retain max,2,0
1111,2024,Hyg Hyg,08699,Ortho recem/rebon fix retain mand,3,0
1112,2024,Hyg Hyg,08701,Ortho repair/reatttac fixed retainer max,1,100
1113,2024,Hyg Hyg,08702,Ortho repair/reatttac fixed retainer man,1,0
1114,2024,Hyg Hyg,09120,Section bridge,1,110
1115,2024,Hyg Hyg,09210,Oraqix- local anesthesia w/out sx,2,24
1116,2024,Hyg Hyg,09310,Consult,14,198
1117,2024,Hyg Hyg,09430,Office Visit,1,0
1118,2024,Hyg Hyg,09440,Office Visit After-hrs,2,455
1119,2024,Hyg Hyg,09910,Desens. med/ FL2 per visit,1,0
1120,2024,Hyg Hyg,09911,Desens. Resin per tooth,1,0
1121,2024,Hyg Hyg,09933,Denture- clean & inspect /F,1,70
1122,2024,Hyg Hyg,09944,"Occl guard- hard, full arch",25,14981.5
1123,2024,Hyg Hyg,09945,"Occl guard- soft, full arch",1,727
1124,2024,Hyg Hyg,09946,"Ocel guard- deprogramm, hard part arch",2,350
1125,2024,Hyg Hyg,09972,Whitening- in office ext per arch,15,3080
1126,2024,Hyg Hyg,09975,"Whitening- at home, external per arch",3,816
1127,2024,Hyg Hyg,OADJB,Adjust Bridge,1,0
1128,2024,Hyg Hyg,OADJN,Adjust Nightguard,16,0
1129,2024,Hyg Hyg,OIMP2,Impression - For Crown,7,0
1130,2024,Hyg Hyg,OIMPN,Impression for Night G,1,0
1131,2024,Hyg Hyg,OIMPO,... ortho- models imp.,5,0
1132,2024,Hyg Hyg,OIMPP,Impression for Partial,1,0
1133,2024,Hyg Hyg,OTRYB,Try in of denture,2,0
1134,2024,Hyg Hyg,2330C,Resin-one surface anterior- Primary,1,122
1135,2024,Hyg Hyg,2331C,Resin-two surface anterior-Primary,1,255
1136,2024,Hyg Hyg,2332C,Resin-three surface anterior-Primary,1,0
1137,2024,Hyg Hyg,2391C,Resin based comp-1 surf post-Primary,6,1047
1138,2024,Hyg Hyg,2392C,Resin based comp-2 surf post-Primary,2,443
1139,2024,Hyg Hyg,7140C,Extraction-Simple-Child,10,756
1140,2024,Hyg Hyg,ADJAP,Adjust appliance,1,0
1141,2024,Hyg Hyg,ADJB,Adjust Bite,15,0
1142,2024,Hyg Hyg,ADJFL,Adjust treatment partial upper,1,0
1143,2024,Hyg Hyg,BOTCO,BOTOX consultation,16,0
1144,2024,Hyg Hyg,BOTOX,Botox- per unit,45,25345
1145,2024,Hyg Hyg,BOTPO,Botox Post Op ;,2,0
1146,2024,Hyg Hyg,CEMO,Cement Onlay/Inlay,4,0
1147,2024,Hyg Hyg,CMNTC,Cement Crown,52,100
1148,2024,Hyg Hyg,CMTCI,Cement crown- implant,4,0
1149,2024,Hyg Hyg,EFILL,Root Canal - Completed,1,0
1150,2024,Hyg Hyg,FLUOR,Fluoridex 40z,1,24
1151,2024,Hyg Hyg,IMPRP,Impression Photos,1,0
1152,2024,Hyg Hyg,INCON,ortho- consult,5,0
1153,2024,Hyg Hyg,INRET,insert retainer,15,0
1154,2024,Hyg Hyg,INSEN,insert nightguard,24,0
1155,2024,Hyg Hyg,INSG,Insert guard/appliance,2,0
1156,2024,Hyg Hyg,INSTL,Insert treatment lower partial,1,0
1157,2024,Hyg Hyg,INVDR,Ortho- Refinement Deliver,4,0
1158,2024,Hyg Hyg,IOCAM,Intra Oral Camera- photographic images,5,0
1159,2024,Hyg Hyg,LASO1,Laser- miscellaneous service,3,40
1160,2024,Hyg Hyg,ocs,Oral Cancer Screening/Tissue Exam,725,0
1161,2024,Hyg Hyg,OTRYC,Try of crown,2,0
1162,2024,Hyg Hyg,PHOTO,photos,5,0
1163,2024,Hyg Hyg,POLIS,Polish/Smooth,59,0
1164,2024,Hyg Hyg,POSTO,Post-Op,21,0
1165,2024,Hyg Hyg,RECTB,Recement temp bridge,1,0
1166,2024,Hyg Hyg,REEVA,Re-evaluation,1,0
1167,2024,Hyg Hyg,SUTUR,Suture Removal,2,0
1168,2024,Hyg Hyg,TEMPD,Temp Denture,1,0
1169,2024,Hyg Hyg,WHITI,Whitening- deliver trays,1,0
1170,2024,Hyg Hyg,WHITS,Whitening-3 pk syringe Nitewhite/Daywhit Uhl,2,0
1171,2024,Hyg Hyg,WHITT,Whitening-impression for white trays,9,0
1172,2024,"Michele Chiafulio-Zasada, RDH",00120,Periodic Oral Exam,1,60
1173,2024,"Michele Chiafulio-Zasada, RDH",00210,Intra Complete Series,13,2074
1174,2024,"Michele Chiafulio-Zasada, RDH",00220,Intra Periapical-sing,3,78
1175,2024,"Michele Chiafulio-Zasada, RDH",00272,Bitewings 2,2,112
1176,2024,"Michele Chiafulio-Zasada, RDH",00274,Bitewings 4,69,4688
1177,2024,"Michele Chiafulio-Zasada, RDH",00330,Panoramic,2,171
1178,2024,"Michele Chiafulio-Zasada, RDH",01110,Prophylaxis-adult,173,19481
1179,2024,"Michele Chiafulio-Zasada, RDH",01120,Prophylaxis-child,11,919
1180,2024,"Michele Chiafulio-Zasada, RDH",01206,Fluoride- varnish,11,545
1181,2024,"Michele Chiafulio-Zasada, RDH",01208,Fluoride- topical application,4,165
1182,2024,"Michele Chiafulio-Zasada, RDH",01330,oral hygiene instructions,184,0
1183,2024,"Michele Chiafulio-Zasada, RDH",04355,Full Mouth Debridement,2,490
1184,2024,"Michele Chiafulio-Zasada, RDH",04910,Periodontal Maintenance,12,2157
1185,2024,"Michele Chiafulio-Zasada, RDH",IOCAM,Intra Oral Camera- photographic images ae s,2,0
1186,2024,"Michele Chiafulio-Zasada, RDH",ocs,Oral Cancer Screening/Tissue Exam,3,0
1187,2024,"Michele Chiafulio-Zasada, RDH",Michele,"Chiafulio-Zasada, RDH '‘s Total:",493,30973
1188,2024,"Peter S. Chang, DDS",00120,Periodic Oral Exam,16,942
1189,2024,"Peter S. Chang, DDS",00140,Limited Oral Evaluation/Emer,3,331
1190,2024,"Peter S. Chang, DDS",00150,Comprehensive Oral Exa,2,250
1191,2024,"Peter S. Chang, DDS",00220,Intra Periapical-sing,8,278
1192,2024,"Peter S. Chang, DDS",00230,Intra Periapical-addtl,1,33
1193,2024,"Peter S. Chang, DDS",0120C,Periodic Oral Exam-Child,2,104
1194,2024,"Peter S. Chang, DDS",0140N,Limited/EM exam- no charge,3,0
1195,2024,"Peter S. Chang, DDS",02330,Resin-one surf anterior,1,255
1196,2024,"Peter S. Chang, DDS",02335,Resin-fourtsurface -anterior,1,473
1197,2024,"Peter S. Chang, DDS",02391,Resin-based composite - 1 surf posterior,2,500
1198,2024,"Peter S. Chang, DDS",02392,Resin based comp - 2 surf posterior,1,293
1199,2024,"Peter S. Chang, DDS",02393,Resin based comp - 3 surf posterior,2,790
1200,2024,"Peter S. Chang, DDS",0270N,Bitewing 1 no charge,1,0
1201,2024,"Peter S. Chang, DDS",02740,Crown-Porcelain,1,1654
1202,2024,"Peter S. Chang, DDS",02950,Core Build-up,1,400
1203,2024,"Peter S. Chang, DDS",08680,"Ortho Retainer, removal or placement of",2,0
1204,2024,"Peter S. Chang, DDS",08999,Ortho-unspecified,1,40
1205,2024,"Peter S. Chang, DDS",09944,"Occl guard- hard, full arch",1,727
1206,2024,"Peter S. Chang, DDS",OADJN,Adjust Nightguard,1,0
1207,2024,"Peter S. Chang, DDS",2392C,Resin based comp-2 surf post-Primary,1,293
1208,2024,"Peter S. Chang, DDS",ADJB,Adjust Bite,1,0
1209,2024,"Peter S. Chang, DDS",BOTOX,Botox- per unit,3,180
1210,2024,"Peter S. Chang, DDS",CMNTC,Cement Crown,1,0
1211,2024,"Peter S. Chang, DDS",INCON,ortho- consult i :,1,0
1212,2024,"Peter S. Chang, DDS",INSEN,insert nightguard,1,0
1213,2024,"Peter S. Chang, DDS",INSG,Insert guard/appliance,1,0
1214,2024,"Peter S. Chang, DDS",IOCAM,Intra Oral Camera- photographic images,1,0
1215,2024,"Peter S. Chang, DDS",ocs,Oral Cancer Screening/Tissue Exam,20,0
1216,2024,"Peter S. Chang, DDS",POLIS,Polish/Smooth Sale,3,0
1217,2024,"Peter S. Chang, DDS",01330,oral hygiene instructions,1,0
1218,2024,Roselle Dental Center,00191,Exam- assessment of a patient,1,0
1219,2024,Roselle Dental Center,00210,Intra Complete Series,35,5950
1220,2024,Roselle Dental Center,00272,Bitewings 2,14,868
1221,2024,Roselle Dental Center,00274,Bitewings 4,148,10508
1222,2024,Roselle Dental Center,00330,Panoramic,15,2565
1223,2024,Roselle Dental Center,01110,Prophylaxis-adult,326,38919
1224,2024,Roselle Dental Center,01120,Prophylaxis-child,45,4024
1225,2024,Roselle Dental Center,01206,Fluoride- varnish,39,2145
1226,2024,Roselle Dental Center,01330,oral hygiene instructions,395,0
1227,2024,Roselle Dental Center,01351,Sealant,4,300
1228,2024,Roselle Dental Center,04346,Gingival Inflammation Scaling,8,1680
1229,2024,Roselle Dental Center,04355,Full Mouth Debridement,10,2450
1230,2024,Roselle Dental Center,04910,Periodontal Maintenance :,23,4232
1231,2024,Roselle Dental Center,34341,Scaling & root planing/quad-Type III,16,5728
1232,2024,Roselle Dental Center,4342P,Periodontal S/RP - 1-3 teeth per quad HES) Geren a Jule,4,600
1233,2024,Roselle Dental Center,IOCAM,Intra Oral Camera- photographic images,3,0
1234,2024,Roselle Dental Center,Ocs,Oral Cancer Screening/Tissue Exam,7,0
1235,2024,Roselle Dental Center,POLIS,Polish/Smooth,1,40
1236,2025,"Harvey Seybold, DDS",00120,Periodic Oral Exam a,480,28800
1237,2025,"Harvey Seybold, DDS",00140,Limited Oral Evaluation/Emer,23,2552
1238,2025,"Harvey Seybold, DDS",00150,Comprehensive Oral Exa,14,1750
1239,2025,"Harvey Seybold, DDS",00170,Re evaluation,15,0
1240,2025,"Harvey Seybold, DDS",00191,Exam- assessment of a patient,1,0
1241,2025,"Harvey Seybold, DDS",00220,Intra Periapical-sing,53,1600
1242,2025,"Harvey Seybold, DDS",00230,Intra Periapical-adadtl,12,340
1243,2025,"Harvey Seybold, DDS",00270,Bitewing 1,1,42
1244,2025,"Harvey Seybold, DDS",00274,Bitewings 4,1,71
1245,2025,"Harvey Seybold, DDS",00330,Panoramic,2,342
1246,2025,"Harvey Seybold, DDS",0120C,Periodic Oral Exam-Child PEROGE eS es |,58,3016
1247,2025,"Harvey Seybold, DDS",01330,oral hygiene instructions,1,0
1248,2025,"Harvey Seybold, DDS",0140C,Limited Oral Evaluation/Emer-Child,1,18
1249,2025,"Harvey Seybold, DDS",0140N,Limited/EM exam- no charge Mao},50,0
1250,2025,"Harvey Seybold, DDS",0150C,Comprehensive Oral Exam-Child,6,600
1251,2025,"Harvey Seybold, DDS",02330,.\. Resin-one surf anterior,427,5100
1252,2025,"Harvey Seybold, DDS",02331,Resin-two surf anterior,23,6120
1253,2025,"Harvey Seybold, DDS",02332,Resin-three surf anterior,15,4070
1254,2025,"Harvey Seybold, DDS",02391,Resin-based composite - 1 surf posterior,101,25389
1255,2025,"Harvey Seybold, DDS",02392,~ Resin based comp - 2 surf posterior,35,11136
1256,2025,"Harvey Seybold, DDS",02393,Resin based comp - 3 surf posterior,11,4250
1257,2025,"Harvey Seybold, DDS",0270N,Bitewing 1 no charge,1,0
1258,2025,"Harvey Seybold, DDS",02740,Crown-Porcelain,41,55420
1259,2025,"Harvey Seybold, DDS",02799,Temp Crown ( Provisional),1,0
1260,2025,"Harvey Seybold, DDS",02910,Recement Inlay/onlay/veneer,5,354
1261,2025,"Harvey Seybold, DDS",02920,Recement Crown,6,177
1262,2025,"Harvey Seybold, DDS",02921,Recement Crown-temp :,4,0
1263,2025,"Harvey Seybold, DDS",02940,sedative filling : celia i,4,588
1264,2025,"Harvey Seybold, DDS",02950,Core Build-up,6,2000
1265,2025,"Harvey Seybold, DDS",02962,Veneer (porcelain laminate)-lab,1,1721
1266,2025,"Harvey Seybold, DDS",0470,Study models- Diagnostic Casts a,2,0
1267,2025,"Harvey Seybold, DDS",05213,Partial metal w/ acrylic Upper,3,230
1268,2025,"Harvey Seybold, DDS",05282,«: Partial- removable unilateral max,4,0
1269,2025,"Harvey Seybold, DDS",05411,Adj compl lower dentur,1,0
1270,2025,"Harvey Seybold, DDS",05650,Add Tooth to Denture/Partial,4,844
1271,2025,"Harvey Seybold, DDS",05711,Rebase compl lwr dentu,1,628
1272,2025,"Harvey Seybold, DDS",05730,Reline Upper Denture-chairside,1,0
1273,2025,"Harvey Seybold, DDS",05731,Reline lower denture-chairside,1,0
1274,2025,"Harvey Seybold, DDS",05740,Reline upper partial denture-chairside,1,549
1275,2025,"Harvey Seybold, DDS",05899,Repair -Misc Removable Pros,1,0
1276,2025,"Harvey Seybold, DDS",06057,Implant abutment custom fabricated,3,3837
1277,2025,"Harvey Seybold, DDS",06058,Implant crown- Porcelain,1,1963
1278,2025,"Harvey Seybold, DDS",06068,Implant abutment for bridge- porcelain,6,4012
1279,2025,"Harvey Seybold, DDS",06092,Implant- Recement implant/abut crown,1,229
1280,2025,"Harvey Seybold, DDS",06111,Implant-abut supp removable /F,2,4278
1281,2025,"Harvey Seybold, DDS",06115,Implant-abut supp fixed /F,1,7000
1282,2025,"Harvey Seybold, DDS",06191,Implant semi precision abutment- locator,2,0
1283,2025,"Harvey Seybold, DDS",06197,Implant close access hole screw retained,6,0
1284,2025,"Harvey Seybold, DDS",06245,Pontic- porcelain/ceramic,5,4962
1285,2025,"Harvey Seybold, DDS",06545,MARYLAND BRDG RETAINER/ABUT,4,1600
1286,2025,"Harvey Seybold, DDS",06930,recement brdg,3,528
1287,2025,"Harvey Seybold, DDS",07140,"© Extraction,erupted tooth or exposed root",1,290
1288,2025,"Harvey Seybold, DDS",07210,© Extraction-Surgical,3,1278
1289,2025,"Harvey Seybold, DDS",07465,Laser-destruction of lesion,1,40
1290,2025,"Harvey Seybold, DDS",07880,JRE TMD- Occ Orthotic,2,686
1291,2025,"Harvey Seybold, DDS",08090,"Ortho-Comprehensive Ortho Trmt-Adult ""1",1,6747
1292,2025,"Harvey Seybold, DDS",08680,"Ortho Retainer, removal or placement of",3,750
1293,2025,"Harvey Seybold, DDS",08699,Ortho recem/rebon fix retain mand,2,75
1294,2025,"Harvey Seybold, DDS",09310,Consult,5,0
1295,2025,"Harvey Seybold, DDS",09430,Office Visit,1,0
1296,2025,"Harvey Seybold, DDS",09911,Desens. Resin per tooth,1,0
1297,2025,"Harvey Seybold, DDS",09944,"Occl guard- hard, full arch wae",14,6166
1298,2025,"Harvey Seybold, DDS",09972,Whitening- in office ext per arch,4,1548
1299,2025,"Harvey Seybold, DDS",09987,© Cancelled Appt,1,50
1300,2025,"Harvey Seybold, DDS",OADJB,Adjust Bridge,2,0
1301,2025,"Harvey Seybold, DDS",OADJN,Adjust Nightguard,19,0
1302,2025,"Harvey Seybold, DDS",OIMPB,Impression for Bridge,1,786
1303,2025,"Harvey Seybold, DDS",OIMPN,Impression for Night G,1,0
1304,2025,"Harvey Seybold, DDS",OTRYB,Try in of denture,3,0
1305,2025,"Harvey Seybold, DDS",4211L,Laser- gingivectomy,2,300
1306,2025,"Harvey Seybold, DDS",7140C,Extraction-Simple-Child,2,168
1307,2025,"Harvey Seybold, DDS",ADJB,Adjust Bite,8,0
1308,2025,"Harvey Seybold, DDS",ADJD,Adjust denture upper,5,0
1309,2025,"Harvey Seybold, DDS",ADJF,Adjust treatment partial lower,1,0
1310,2025,"Harvey Seybold, DDS",ADJOR,Adj ortho appl,1,0
1311,2025,"Harvey Seybold, DDS",ADJP,Adjust Partial Denture Upper,3,0
1312,2025,"Harvey Seybold, DDS",ADJSL,Adjust sleep appliance/snore guard,1,0
1313,2025,"Harvey Seybold, DDS",CEMBI,Cement bridge- implant,1,0
1314,2025,"Harvey Seybold, DDS",CMNTB,Cement Bridge,1,0
1315,2025,"Harvey Seybold, DDS",CMTCI,Cement crown- implant,3,0
1316,2025,"Harvey Seybold, DDS",FLUOR,Fluoridex 40z,16,384
1317,2025,"Harvey Seybold, DDS",GIFTC,Gift Certificate,2,0
1318,2025,"Harvey Seybold, DDS",IMPRP,Impression Photos,1,0
1319,2025,"Harvey Seybold, DDS",INRET,insert retainer,3,0
1320,2025,"Harvey Seybold, DDS",INSEN,insert nightguard,10,0
1321,2025,"Harvey Seybold, DDS",INSSG,Insert- sleep apnea guard,4,0
1322,2025,"Harvey Seybold, DDS",INSTR,Insert trays,2,0
1323,2025,"Harvey Seybold, DDS",INVIS,ortho- aligner initial delivery,1,0
1324,2025,"Harvey Seybold, DDS",IOCAM,Intra Oral Camera- photographic images,28,0
1325,2025,"Harvey Seybold, DDS",LASO1,Laser- miscellaneous service,1,0
1326,2025,"Harvey Seybold, DDS",ocs,Oral Cancer Screening/Tissue Exam,477,0
1327,2025,"Harvey Seybold, DDS",ORACA,ORACARE Rinse (2) 16 oz each,1,33
1328,2025,"Harvey Seybold, DDS",OTRYC,Try of crown,5,0
1329,2025,"Harvey Seybold, DDS",POLIS,Polish/Smooth,12,0
1330,2025,"Harvey Seybold, DDS",POSTO,Post-Op,9,0
1331,2025,"Harvey Seybold, DDS",RECTB,Recement temp bridge,3,0
1332,2025,"Harvey Seybold, DDS",TEMP,Temp Filling,4,0
1333,2025,"Harvey Seybold, DDS",WHITI,Whitening- deliver trays,4,0
1334,2025,"Harvey Seybold, DDS",WHITS,Whitening-3 pk syringe Nitewhite/Daywhit,3,138
1335,2025,"Harvey Seybold, DDS",WHITT,Whitening-impression for white trays,6,0
1336,2025,"Harvey Seybold, DDS",00210,Intra Complete Series,24,4080
1337,2025,"Harvey Seybold, DDS",00220,Intra Periapical-sing,6,152
1338,2025,"Harvey Seybold, DDS",00230,Intra Periapical-adadtl,1,30
1339,2025,"Harvey Seybold, DDS",00272,Bitewings 2,18,1116
1340,2025,"Harvey Seybold, DDS",00274,Bitewings 4 Ue,154,10934
1341,2025,"Harvey Seybold, DDS",00330,Panoramic,11,1710
1342,2025,"Harvey Seybold, DDS",01120,Prophylaxis-child,57,5255
1343,2025,"Harvey Seybold, DDS",01206,Fluoride- varnish,44,2420
1344,2025,"Harvey Seybold, DDS",01208,Fluoride- topical application,12,660
1345,2025,"Harvey Seybold, DDS",01330,oral hygiene instructions,406,0
1346,2025,"Harvey Seybold, DDS",01351,Sealant,2,150
1347,2025,"Harvey Seybold, DDS",01353,"Sealant- repair, per tooth",1,0
1348,2025,"Harvey Seybold, DDS",04346,Gingival Inflammation Scaling,3,630
1349,2025,"Harvey Seybold, DDS",04355,Full Mouth Debridement,4,980
1350,2025,"Harvey Seybold, DDS",04910,Periodontal Maintenance,24,4416
1351,2025,"Harvey Seybold, DDS",FLUOR,Fluoridex 40z we oer,2,48
1352,2025,"Harvey Seybold, DDS",IOCAM,Intra Oral Camera- photographic images,13,0
1353,2025,"Harvey Seybold, DDS",ocs,Oral Cancer Screening/Tissue Exam,1,0
1354,2025,Farah Rahman RDH,00120,Periodic Oral Exam,168,10080
1355,2025,Farah Rahman RDH,00140,Limited Oral Evaluation/Emer,5,580
1356,2025,Farah Rahman RDH,00150,Comprehensive Oral Exa,8,1000
1357,2025,Farah Rahman RDH,00220,Intra Periapical-sing,27,800
1358,2025,Farah Rahman RDH,00230,Intra Periapical-addtl,2,68
1359,2025,Farah Rahman RDH,00270,Bitewing 1,1,42
1360,2025,Farah Rahman RDH,00274,Bitewings 4,1,71
1361,2025,Farah Rahman RDH,00330,Panoramic,2,171
1362,2025,Farah Rahman RDH,01110,Prophylaxis-adult,6,720
1363,2025,Farah Rahman RDH,0120C,Periodic Oral Exam-Child,35,1820
1364,2025,Farah Rahman RDH,01330,oral hygiene instructions,6,0
1365,2025,Farah Rahman RDH,01351,Sealant : °,7,525
1366,2025,Farah Rahman RDH,0140N,Limited/EM exam- no charge,15,0
1367,2025,Farah Rahman RDH,0150C,Comprehensive Oral Exam-Child,2,200
1368,2025,Farah Rahman RDH,02330,Resin-one surf anterior tank 2. ey,9,2295
1369,2025,Farah Rahman RDH,02331,Resin-two surf anterior,17,2754
1370,2025,Farah Rahman RDH,02332,Resin-three surf anterior,8,2960
1371,2025,Farah Rahman RDH,02335,Resin-fourtsurface -anterior,6,2365
1372,2025,Farah Rahman RDH,02391,Resin-based composite - 1 surf posterior,34,8463
1373,2025,Farah Rahman RDH,02392,Resin based comp - 2 surf posterior,34,10440
1374,2025,Farah Rahman RDH,02393,Resin based comp - 3 surf posterior,6,2550
1375,2025,Farah Rahman RDH,0270N,Bitewing 1 no charge,1,0
1376,2025,Farah Rahman RDH,02740,Crown-Porcelain,18,24810
1377,2025,Farah Rahman RDH,02790,Crown-Gold(full cast),1,1898
1378,2025,Farah Rahman RDH,02799,Temp Crown ( Provisional),1,0
1379,2025,Farah Rahman RDH,02920,Recement Crown,1,177
1380,2025,Farah Rahman RDH,02921,Recement Crown-temp,1,0
1381,2025,Farah Rahman RDH,02940,sedative filling,1,196
1382,2025,Farah Rahman RDH,02950,Core Build-up,5,2000
1383,2025,Farah Rahman RDH,02962,Veneer (porcelain laminate)-lab,1,0
1384,2025,Farah Rahman RDH,03221,Pulpal Debridement,2,349
1385,2025,Farah Rahman RDH,03320,Root Canal-pre molar,4,1265
1386,2025,Farah Rahman RDH,0470,Study models- Diagnostic Casts,1,0
1387,2025,Farah Rahman RDH,05650,"Add Tooth to Denture/Partial as ean,",1,347
1388,2025,Farah Rahman RDH,05740,Reline upper partial denture-chairside,1,0
1389,2025,Farah Rahman RDH,06057,© Implant abutment custom fabricated,4,5116
1390,2025,Farah Rahman RDH,06058,Implant crown- Porcelain,4,1963
1391,2025,Farah Rahman RDH,06059,Implant Crown (high nobel),1,2016
1392,2025,Farah Rahman RDH,06111,Implant-abut supp removable /F,1,5858
1393,2025,Farah Rahman RDH,06197,Implant close access hole screw retained,4,0
1394,2025,Farah Rahman RDH,06245,Pontic- porcelain/ceramic,2,3308
1395,2025,Farah Rahman RDH,06740,Abutment- porcelain/ceramic,2,3274
1396,2025,Farah Rahman RDH,07140,"Extraction,erupted tooth or exposed root",2,580
1397,2025,Farah Rahman RDH,07210,Extraction-Surgical,1,426
1398,2025,Farah Rahman RDH,07465,Laser-destruction of lesion,2,80
1399,2025,Farah Rahman RDH,07953,Bone Graft w/ Extract,3,1905
1400,2025,Farah Rahman RDH,07962,Frenectomy lingual,4,685
1401,2025,Farah Rahman RDH,08040,Ortho-Limited Ortho Trmt-Adult,1,483.57
1402,2025,Farah Rahman RDH,08698,Ortho recem/rebon fix retain max,1,0
1403,2025,Farah Rahman RDH,08699,Ortho recem/rebon fix retain mand,1,0
1404,2025,Farah Rahman RDH,09310,Consult,4,0
1405,2025,Farah Rahman RDH,09430,Office Visit,1,0
1406,2025,Farah Rahman RDH,09440,Office Visit After-hrs,1,264
1407,2025,Farah Rahman RDH,09911,Desens. Resin per tooth,10,0
1408,2025,Farah Rahman RDH,09944,"Occl guard- hard, full arch",9,6179.5
1409,2025,Farah Rahman RDH,09972,Whitening- in office ext per arch,1,516
1410,2025,Farah Rahman RDH,OADJN,Adjust Nightguard,5,0
1411,2025,Farah Rahman RDH,OIMP2,Impression - For Crown,2,0
1412,2025,Farah Rahman RDH,OIMPD,Impression for Denture,1,0
1413,2025,Farah Rahman RDH,OIMPO,ortho- models imp.,2,0
1414,2025,Farah Rahman RDH,OTRYB,Try in of denture,2,0
1415,2025,Farah Rahman RDH,2990,Resin Infiltration,1,250
1416,2025,Farah Rahman RDH,ADJB,Adjust Bite,2,0
1417,2025,Farah Rahman RDH,BOTCO,BOTOX consultation,9,0
1418,2025,Farah Rahman RDH,BOTOX,Botox- per unit,4,2400
1419,2025,Farah Rahman RDH,CEMBI,Cement bridge- implant,1,0
1420,2025,Farah Rahman RDH,CMNTC,Cement Crown,14,0
1421,2025,Farah Rahman RDH,CMNTV,Cement Veneer,1,0
1422,2025,Farah Rahman RDH,CMTCI,Cement crown- implant,2,0
1423,2025,Farah Rahman RDH,EFILL,Root Canal - Completed,1,0
1424,2025,Farah Rahman RDH,IMPRP,Impression Photos,1,0
1425,2025,Farah Rahman RDH,INCON,ortho- consult,4,0
1426,2025,Farah Rahman RDH,INRET,° insert retainer,2,0
1427,2025,Farah Rahman RDH,INSEN,insert nightguard,10,0
1428,2025,Farah Rahman RDH,INSER,insert Denture Max,2,0
1429,2025,Farah Rahman RDH,INSTU,Insert treatment upper partial,1,0
1430,2025,Farah Rahman RDH,L7962,Frenectomy laser lingual,1,493
1431,2025,Farah Rahman RDH,ocs,Oral Cancer Screening/Tissue Exam,167,0
1432,2025,Farah Rahman RDH,PHOTO,photos ‘,2,0
1433,2025,Farah Rahman RDH,POLIS,Polish/Smooth,6,0
1434,2025,Farah Rahman RDH,POSTO,Post-Op,2,0
1435,2025,Farah Rahman RDH,TEMPD,Temp Denture,2,10000
1436,2025,"Michele Chiafulio-Zasada, RDH",00210,Intra Complete Series,1,170
1437,2025,"Michele Chiafulio-Zasada, RDH",00220,Intra Periapical-sing,1,40
1438,2025,"Michele Chiafulio-Zasada, RDH",00230,Intra Periapical-addtl,1,34
1439,2025,"Michele Chiafulio-Zasada, RDH",00274,Bitewings 4,17,1207
1440,2025,"Michele Chiafulio-Zasada, RDH",01110,Prophylaxis-adult,32,3780
1441,2025,"Michele Chiafulio-Zasada, RDH",01120,Prophylaxis-child,1,89
1442,2025,"Michele Chiafulio-Zasada, RDH",01206,Fluoride- varnish,2,110
1443,2025,"Michele Chiafulio-Zasada, RDH",01330,oral hygiene instructions,32,0
1444,2025,"Michele Chiafulio-Zasada, RDH",04910,Periodontal Maintenance,2,368
1445,2025,"Michele Chiafulio-Zasada, RDH",IOCAM,Intra Oral Camera- photographic images,1,0
1446,2025,"Peter S. Chang, DDS",00120,Periodic Oral Exam,1,60
1447,2025,"Peter S. Chang, DDS",00220,Intra Periapical-sing,2,40
1448,2025,"Peter S. Chang, DDS",0140N,© Limited/EM exam- no charge,2,0
1449,2025,"Peter S. Chang, DDS",BOTOX,Botox- per unit,1,0
1450,2025,"Peter S. Chang, DDS",INRET,insert retainer,1,0
1451,2025,"Peter S. Chang, DDS",00120,Periodic Oral Exam,2,120
1452,2025,"Peter S. Chang, DDS",00191,Exam- assessment of a patient,3,0
1453,2025,"Peter S. Chang, DDS",00210,Intra Complete Series,22,3740
1454,2025,"Peter S. Chang, DDS",00272,Bitewings 2,8,496
1455,2025,"Peter S. Chang, DDS",00274,Bitewings 4,132,9372
1456,2025,"Peter S. Chang, DDS",00330,Panoramic,7,1197
1457,2025,"Peter S. Chang, DDS",01110,"Prophylaxis-adult wea, Mad . 7 te",307,36778
1458,2025,"Peter S. Chang, DDS",01120,Prophylaxis-child,50,4512
1459,2025,"Peter S. Chang, DDS",01206,Fluoride- varnish,48,2640
1460,2025,"Peter S. Chang, DDS",01330,oral hygiene instructions,379,0
1461,2025,"Peter S. Chang, DDS",01351,Sealant,20,1500
1462,2025,"Peter S. Chang, DDS",04341,Scale & root planing/quad-Type IIB,4,1440
1463,2025,"Peter S. Chang, DDS",04346,Gingival Inflammation Scaling,2,420
1464,2025,"Peter S. Chang, DDS",04355,Full Mouth Debridement By | Sk,4,980
1465,2025,"Peter S. Chang, DDS",04910,Periodontal Maintenance,34,6256
1466,2025,"Peter S. Chang, DDS",04921,Irrigation of ging. pockets w/medication,4,0
1467,2025,"Peter S. Chang, DDS",09210,Oraqix- local anesthesia w/out sx,1,70
1468,2025,"Peter S. Chang, DDS",D1999,Hygiene Polish/Stain Removal,1,50
1469,2025,"Peter S. Chang, DDS",D9210,loc anes not in conj w/op or sx proc,1,70
1470,2025,"Peter S. Chang, DDS",IOCAM,Intra Oral Camera- photographic images ;,2,0
1471,2025,"Peter S. Chang, DDS",ocs,Oral Cancer Screening/Tissue Exam,5,0